Firmenname,Titel,Name,Position,Jahr,Jahresgrundvergütung – gem. Vertrag,Jahresgrundvergütung – IST,Variable Vergütung – max. gem. Vertr.,Variable Vergütung – IST,Geldwerte Vorteile – IST,Gesamt – IST,Aufwand Altersversorgung – IST,Commt_1,Commt_2
Bäderland Hamburg GmbH,,Dirk Schumaier,Alleingeschäftsführer,2012,130000,97500,30000,18180,,115680,,Herr Schumaier ist seit 1. April 2012 angestellt.,
Berufsförderungswerk Hamburg GmbH,,Jens Mohr,Alleingeschäftsführer,2012,95000,47500,5000,Offen *,,Offen *,,Herr Mohr ist seit 1. Juli 2012 angestellt.,"* Die Darstellung der IST-Tantieme sowie die Berechnung des Gesamtvolumens für 2012 konnten noch nicht erfolgen, da die Tantieme aufgrund des zwischenzeitlichen Insolvenzverfahrens noch nicht abgerechnet ist."
Deichtorhallen Hamburg GmbH,Dr.,Dirk Luckow,Intendant,2012,110000,110000,20000,20000,,130000,,Herr Dr. Luckow ist seit 1. Oktober 2009 angestellt.,
Deichtorhallen Hamburg GmbH,Dr.,Dirk Luckow,Intendant,2011,110000,110000,20000,20000,,130000,,Herr Dr. Luckow ist seit 1. Oktober 2009 angestellt.,
Deichtorhallen Hamburg GmbH,Dr.,Dirk Luckow,Intendant,2010,110000,110000,20000,0,,110000,,Herr Dr. Luckow ist seit 1. Oktober 2009 angestellt.,
Deichtorhallen Hamburg GmbH,Dr.,Dirk Luckow,Intendant,2009,110000,27500,20000,0,,27500,,Herr Dr. Luckow ist seit 1. Oktober 2009 angestellt.,
Deichtorhallen Hamburg GmbH,,Bert Antonius Kaufmann,,2012,85000,85000,15000,15000,,100000,,Herr Kaufmann ist seit 1. Juni 2010 angestellt.,
Deichtorhallen Hamburg GmbH,,Bert Antonius Kaufmann,,2011,85000,85000,15000,15000,,100000,,Herr Kaufmann ist seit 1. Juni 2010 angestellt.,
Deichtorhallen Hamburg GmbH,,Bert Antonius Kaufmann,,2010,85000,49583,15000,8750,,58333,,Herr Kaufmann ist seit 1. Juni 2010 angestellt.,
Elbphilharmonie und Laeiszhalle Service GmbH,,Tessa Beecken,,2012,75200,75200,15040,9776,,84976,,Frau Beecken war vom 1. Oktober 2009 bis 31. Juli 2013 als Geschäftsführerin der Elbphilharmonie und Laeiszhalle Service GmbH angestellt.,
Elbphilharmonie und Laeiszhalle Service GmbH,,Tessa Beecken,,2011,75200,75200,15040,5000,,80200,,Frau Beecken war vom 1. Oktober 2009 bis 31. Juli 2013 als Geschäftsführerin der Elbphilharmonie und Laeiszhalle Service GmbH angestellt.,
Elbphilharmonie und Laeiszhalle Service GmbH,,Tessa Beecken,,2010,70200,70200,14040,7020,,77220,,Frau Beecken war vom 1. Oktober 2009 bis 31. Juli 2013 als Geschäftsführerin der Elbphilharmonie und Laeiszhalle Service GmbH angestellt.,
Elbphilharmonie und Laeiszhalle Service GmbH,,Tessa Beecken,,2009,77200,64350,/,/,,64350,,Frau Beecken war vom 1. Oktober 2009 bis 31. Juli 2013 als Geschäftsführerin der Elbphilharmonie und Laeiszhalle Service GmbH angestellt.,
Erneuerbare Energien Hamburg GmbH,,Jan Rispens,Alleingeschäftsführer,2012,Bes.Gr. B 2,74627,10000,6000,,80627,,Herr Rispens ist seit 1. Februar 2011 angestellt. Das Festgehalt entspricht der Vergütung der Bes.Gr. B 2.,
Erneuerbare Energien Hamburg GmbH,,Jan Rispens,Alleingeschäftsführer,2011,Bes.Gr. B 2,67255,10000,6000,,73255,,Herr Rispens ist seit 1. Februar 2011 angestellt. Das Festgehalt entspricht der Vergütung der Bes.Gr. B 2.,
f & w fördern und wohnen AöR,Dr.,Rembert Vaerst,Alleingeschäftsführer,2012,114000,114000,15000,15000,,129000,,Herr Dr. Vaerst seit 1. Mai 2007 als Geschäftsführer bei f & w fördern und wohnen AöR angestellt. Dr. Vaerst hat der Offenlegung seiner Vergütung ab dem Jahr 2010 zugestimmt.,
f & w fördern und wohnen AöR,Dr.,Rembert Vaerst,Alleingeschäftsführer,2011,114000,114000,15000,15000,,129000,,Herr Dr. Vaerst seit 1. Mai 2007 als Geschäftsführer bei f & w fördern und wohnen AöR angestellt. Dr. Vaerst hat der Offenlegung seiner Vergütung ab dem Jahr 2010 zugestimmt.,
f & w fördern und wohnen AöR,Dr.,Rembert Vaerst,Alleingeschäftsführer,2010,114000,114000,15000,11625,,125625,,Herr Dr. Vaerst seit 1. Mai 2007 als Geschäftsführer bei f & w fördern und wohnen AöR angestellt. Dr. Vaerst hat der Offenlegung seiner Vergütung ab dem Jahr 2010 zugestimmt.,
f & w fördern und wohnen AöR,Dr.,Rembert Vaerst,Alleingeschäftsführer,2009,-,-,-,-,,-,,Herr Dr. Vaerst seit 1. Mai 2007 als Geschäftsführer bei f & w fördern und wohnen AöR angestellt. Dr. Vaerst hat der Offenlegung seiner Vergütung ab dem Jahr 2010 zugestimmt.,
f & w fördern und wohnen AöR,Dr.,Rembert Vaerst,Alleingeschäftsführer,2008,-,-,-,-,,-,,Herr Dr. Vaerst seit 1. Mai 2007 als Geschäftsführer bei f & w fördern und wohnen AöR angestellt. Dr. Vaerst hat der Offenlegung seiner Vergütung ab dem Jahr 2010 zugestimmt.,
f & w fördern und wohnen AöR,Dr.,Rembert Vaerst,Alleingeschäftsführer,2007,-,-,-,-,,-,,Herr Dr. Vaerst seit 1. Mai 2007 als Geschäftsführer bei f & w fördern und wohnen AöR angestellt. Dr. Vaerst hat der Offenlegung seiner Vergütung ab dem Jahr 2010 zugestimmt.,
Filmförderung Hamburg Schleswig-Holstein GmbH,,Eva Hubert,Alleingeschäftsführerin,2012,107500,107500,2500,2500,,110000,,Frau Hubert ist seit 1. März 1997 als Geschäftsführerin der Filmförderung Hamburg Schleswig-Holstein GmbH angestellt.,
Filmförderung Hamburg Schleswig-Holstein GmbH,,Eva Hubert,Alleingeschäftsführerin,2011,107500,107500,2500,2500,,110000,,Frau Hubert ist seit 1. März 1997 als Geschäftsführerin der Filmförderung Hamburg Schleswig-Holstein GmbH angestellt.,
Filmförderung Hamburg Schleswig-Holstein GmbH,,Eva Hubert,Alleingeschäftsführerin,2010,107500,107500,2500,2500,,110000,,Frau Hubert ist seit 1. März 1997 als Geschäftsführerin der Filmförderung Hamburg Schleswig-Holstein GmbH angestellt.,
Filmförderung Hamburg Schleswig-Holstein GmbH,,Eva Hubert,Alleingeschäftsführerin,2009,99000,99000,/,/,,99000,,Frau Hubert ist seit 1. März 1997 als Geschäftsführerin der Filmförderung Hamburg Schleswig-Holstein GmbH angestellt.,
Filmförderung Hamburg Schleswig-Holstein GmbH,,Eva Hubert,Alleingeschäftsführerin,2008,99000,99000,/,/,,99000,,Frau Hubert ist seit 1. März 1997 als Geschäftsführerin der Filmförderung Hamburg Schleswig-Holstein GmbH angestellt.,
Filmförderung Hamburg Schleswig-Holstein GmbH,,Eva Hubert,Alleingeschäftsführerin,2007,99000,99000,/,/,,99000,,Frau Hubert ist seit 1. März 1997 als Geschäftsführerin der Filmförderung Hamburg Schleswig-Holstein GmbH angestellt.,
Filmförderung Hamburg Schleswig-Holstein GmbH,,Eva Hubert,Alleingeschäftsführerin,2006,99000,99000,/,/,,99000,,Frau Hubert ist seit 1. März 1997 als Geschäftsführerin der Filmförderung Hamburg Schleswig-Holstein GmbH angestellt.,
Filmförderung Hamburg Schleswig-Holstein GmbH,,Eva Hubert,Alleingeschäftsführerin,2005,99000,99000,/,/,,99000,,Frau Hubert ist seit 1. März 1997 als Geschäftsführerin der Filmförderung Hamburg Schleswig-Holstein GmbH angestellt.,
Filmförderung Hamburg Schleswig-Holstein GmbH,,Eva Hubert,Alleingeschäftsführerin,2004,90497,90497,/,/,,90497,,Frau Hubert ist seit 1. März 1997 als Geschäftsführerin der Filmförderung Hamburg Schleswig-Holstein GmbH angestellt.,
Filmförderung Hamburg Schleswig-Holstein GmbH,,Eva Hubert,Alleingeschäftsführerin,2003,90497,90497,/,/,,90497,,Frau Hubert ist seit 1. März 1997 als Geschäftsführerin der Filmförderung Hamburg Schleswig-Holstein GmbH angestellt.,
Filmförderung Hamburg Schleswig-Holstein GmbH,,Eva Hubert,Alleingeschäftsführerin,2002,90497,90497,/,/,,90497,,Frau Hubert ist seit 1. März 1997 als Geschäftsführerin der Filmförderung Hamburg Schleswig-Holstein GmbH angestellt.,
Filmförderung Hamburg Schleswig-Holstein GmbH,,Eva Hubert,Alleingeschäftsführerin,2001,90497,90497,/,/,,90497,,Frau Hubert ist seit 1. März 1997 als Geschäftsführerin der Filmförderung Hamburg Schleswig-Holstein GmbH angestellt.,
Filmförderung Hamburg Schleswig-Holstein GmbH,,Eva Hubert,Alleingeschäftsführerin,2000,90497,90497,/,/,,90497,,Frau Hubert ist seit 1. März 1997 als Geschäftsführerin der Filmförderung Hamburg Schleswig-Holstein GmbH angestellt.,
Flughafen Hamburg GmbH,,Michael Eggenschwiler,Vorsitzender der Geschäftsführung,2012,240000,240000,159600,115192,,355192,,Herr Eggenschwiler ist seit 1. Januar 2003 angestellt. Er hat der Offenlegung seiner Vergütung ab dem Jahr 2010 zugestimmt.,Herr Wehr war zwischen dem 1. Juli 2005 und 31. Dezember 2013 angestellt. Er hat einer Offenlegung seiner Vergütung nicht zugestimmt.
Flughafen Hamburg GmbH,,Michael Eggenschwiler,Vorsitzender der Geschäftsführung,2011,240000,240000,159600,135685,,375685,,Herr Eggenschwiler ist seit 1. Januar 2003 angestellt. Er hat der Offenlegung seiner Vergütung ab dem Jahr 2010 zugestimmt.,Herr Wehr war zwischen dem 1. Juli 2005 und 31. Dezember 2013 angestellt. Er hat einer Offenlegung seiner Vergütung nicht zugestimmt.
Flughafen Hamburg GmbH,,Michael Eggenschwiler,Vorsitzender der Geschäftsführung,2010,210000,210000,182500,111750,,321750,,Herr Eggenschwiler ist seit 1. Januar 2003 angestellt. Er hat der Offenlegung seiner Vergütung ab dem Jahr 2010 zugestimmt.,Herr Wehr war zwischen dem 1. Juli 2005 und 31. Dezember 2013 angestellt. Er hat einer Offenlegung seiner Vergütung nicht zugestimmt.
Flughafen Hamburg GmbH,,Michael Eggenschwiler,Vorsitzender der Geschäftsführung,2007,-,-,-,-,,-,,Herr Eggenschwiler ist seit 1. Januar 2003 angestellt. Er hat der Offenlegung seiner Vergütung ab dem Jahr 2010 zugestimmt.,Herr Wehr war zwischen dem 1. Juli 2005 und 31. Dezember 2013 angestellt. Er hat einer Offenlegung seiner Vergütung nicht zugestimmt.
Flughafen Hamburg GmbH,,Michael Eggenschwiler,Vorsitzender der Geschäftsführung,2006,-,-,-,-,,-,,Herr Eggenschwiler ist seit 1. Januar 2003 angestellt. Er hat der Offenlegung seiner Vergütung ab dem Jahr 2010 zugestimmt.,Herr Wehr war zwischen dem 1. Juli 2005 und 31. Dezember 2013 angestellt. Er hat einer Offenlegung seiner Vergütung nicht zugestimmt.
Flughafen Hamburg GmbH,,Michael Eggenschwiler,Vorsitzender der Geschäftsführung,2005,-,-,-,-,,-,,Herr Eggenschwiler ist seit 1. Januar 2003 angestellt. Er hat der Offenlegung seiner Vergütung ab dem Jahr 2010 zugestimmt.,Herr Wehr war zwischen dem 1. Juli 2005 und 31. Dezember 2013 angestellt. Er hat einer Offenlegung seiner Vergütung nicht zugestimmt.
Flughafen Hamburg GmbH,,Michael Eggenschwiler,Vorsitzender der Geschäftsführung,2004,-,-,-,-,,-,,Herr Eggenschwiler ist seit 1. Januar 2003 angestellt. Er hat der Offenlegung seiner Vergütung ab dem Jahr 2010 zugestimmt.,Herr Wehr war zwischen dem 1. Juli 2005 und 31. Dezember 2013 angestellt. Er hat einer Offenlegung seiner Vergütung nicht zugestimmt.
Flughafen Hamburg GmbH,,Michael Eggenschwiler,Vorsitzender der Geschäftsführung,2003,-,-,-,-,,-,,Herr Eggenschwiler ist seit 1. Januar 2003 angestellt. Er hat der Offenlegung seiner Vergütung ab dem Jahr 2010 zugestimmt.,Herr Wehr war zwischen dem 1. Juli 2005 und 31. Dezember 2013 angestellt. Er hat einer Offenlegung seiner Vergütung nicht zugestimmt.
Flughafen Hamburg GmbH,,Wolfgang Pollety,,2013,170000,,112500,,,,,Herr Pollety ist seit 1. November 2013 angestellt.,Herr Wehr war zwischen dem 1. Juli 2005 und 31. Dezember 2013 angestellt. Er hat einer Offenlegung seiner Vergütung nicht zugestimmt.
GMH Gebäudemanagement Hamburg GmbH (seit 1.3.2013),,Ewald Rowohlt,,2013,140000,,28000,,,,,,
GMH Gebäudemanagement Hamburg GmbH (seit 1.3.2013),Dr.,Christian Pape,,2013,120000,,24000,,,,,,
GMH Gebäudemanagement Hamburg GmbH (seit 1.3.2013),,Gertrud Theobald,,2013,75600,,/,,,,,,
HafenCity Hamburg GmbH,,Jürgen Bruns-Berentelg,Vorsitzender der Geschäftsführung,2012,195000,195000,105000,Offen,,Offen,,Herr Bruns-Berentelg ist seit 1. Februar 2003 angestellt. Bei beiden Geschäftsführern wurde eine mehrjährige Entwicklungsperspektive vereinbart. Die Tantiemen für 2010-2012 werden am Ende des Abrechnungszeitraums abgerechnet.,
HafenCity Hamburg GmbH,,Jürgen Bruns-Berentelg,Vorsitzender der Geschäftsführung,2011,195000,195000,105000,Offen,,Offen,,Herr Bruns-Berentelg ist seit 1. Februar 2003 angestellt. Bei beiden Geschäftsführern wurde eine mehrjährige Entwicklungsperspektive vereinbart. Die Tantiemen für 2010-2012 werden am Ende des Abrechnungszeitraums abgerechnet.,
HafenCity Hamburg GmbH,,Jürgen Bruns-Berentelg,Vorsitzender der Geschäftsführung,2010,165000,165000,90000,Offen,,Offen,,Herr Bruns-Berentelg ist seit 1. Februar 2003 angestellt. Bei beiden Geschäftsführern wurde eine mehrjährige Entwicklungsperspektive vereinbart. Die Tantiemen für 2010-2012 werden am Ende des Abrechnungszeitraums abgerechnet.,
HafenCity Hamburg GmbH,,Jürgen Bruns-Berentelg,Vorsitzender der Geschäftsführung,2009,165000,165000,90000,75200,,240200,,Herr Bruns-Berentelg ist seit 1. Februar 2003 angestellt. Bei beiden Geschäftsführern wurde eine mehrjährige Entwicklungsperspektive vereinbart. Die Tantiemen für 2010-2012 werden am Ende des Abrechnungszeitraums abgerechnet.,
HafenCity Hamburg GmbH,,Jürgen Bruns-Berentelg,Vorsitzender der Geschäftsführung,2008,165000,165000,90000,85500,,250500,,Herr Bruns-Berentelg ist seit 1. Februar 2003 angestellt. Bei beiden Geschäftsführern wurde eine mehrjährige Entwicklungsperspektive vereinbart. Die Tantiemen für 2010-2012 werden am Ende des Abrechnungszeitraums abgerechnet.,
HafenCity Hamburg GmbH,,Jürgen Bruns-Berentelg,Vorsitzender der Geschäftsführung,2007,165000,165000,90000,85500,,250500,,Herr Bruns-Berentelg ist seit 1. Februar 2003 angestellt. Bei beiden Geschäftsführern wurde eine mehrjährige Entwicklungsperspektive vereinbart. Die Tantiemen für 2010-2012 werden am Ende des Abrechnungszeitraums abgerechnet.,
HafenCity Hamburg GmbH,,Jürgen Bruns-Berentelg,Vorsitzender der Geschäftsführung,2006,165000,165000,90000,90000,,255000,,Herr Bruns-Berentelg ist seit 1. Februar 2003 angestellt. Bei beiden Geschäftsführern wurde eine mehrjährige Entwicklungsperspektive vereinbart. Die Tantiemen für 2010-2012 werden am Ende des Abrechnungszeitraums abgerechnet.,
HafenCity Hamburg GmbH,,Jürgen Bruns-Berentelg,Vorsitzender der Geschäftsführung,2005,150000,150000,75000,75000,,225000,,Herr Bruns-Berentelg ist seit 1. Februar 2003 angestellt. Bei beiden Geschäftsführern wurde eine mehrjährige Entwicklungsperspektive vereinbart. Die Tantiemen für 2010-2012 werden am Ende des Abrechnungszeitraums abgerechnet.,
HafenCity Hamburg GmbH,,Jürgen Bruns-Berentelg,Vorsitzender der Geschäftsführung,2004,150000,150000,75000,75000,,225000,,Herr Bruns-Berentelg ist seit 1. Februar 2003 angestellt. Bei beiden Geschäftsführern wurde eine mehrjährige Entwicklungsperspektive vereinbart. Die Tantiemen für 2010-2012 werden am Ende des Abrechnungszeitraums abgerechnet.,
HafenCity Hamburg GmbH,,Jürgen Bruns-Berentelg,Vorsitzender der Geschäftsführung,2003,150000,137500,50000,50000,,187500,,Herr Bruns-Berentelg ist seit 1. Februar 2003 angestellt. Bei beiden Geschäftsführern wurde eine mehrjährige Entwicklungsperspektive vereinbart. Die Tantiemen für 2010-2012 werden am Ende des Abrechnungszeitraums abgerechnet.,
HafenCity Hamburg GmbH,,Giselher Schultz-Berndt,,2012,105000,105000,45000,Offen,,Offen,,Herr Schultz-Berndt ist seit 1. Januar 2004 angestellt. Die o.g. Anmerkungen zur Tantieme gelten entsprechend.,
HafenCity Hamburg GmbH,,Giselher Schultz-Berndt,,2011,105000,105000,45000,Offen,,Offen,,Herr Schultz-Berndt ist seit 1. Januar 2004 angestellt. Die o.g. Anmerkungen zur Tantieme gelten entsprechend.,
HafenCity Hamburg GmbH,,Giselher Schultz-Berndt,,2010,105000,105000,45000,Offen,,Offen,,Herr Schultz-Berndt ist seit 1. Januar 2004 angestellt. Die o.g. Anmerkungen zur Tantieme gelten entsprechend.,
HafenCity Hamburg GmbH,,Giselher Schultz-Berndt,,2009,105000,105000,45000,42750,,147750,,Herr Schultz-Berndt ist seit 1. Januar 2004 angestellt. Die o.g. Anmerkungen zur Tantieme gelten entsprechend.,
HafenCity Hamburg GmbH,,Giselher Schultz-Berndt,,2008,105000,105000,45000,42750,,147750,,Herr Schultz-Berndt ist seit 1. Januar 2004 angestellt. Die o.g. Anmerkungen zur Tantieme gelten entsprechend.,
HafenCity Hamburg GmbH,,Giselher Schultz-Berndt,,2007,95000,95000,30000,28500,,123500,,Herr Schultz-Berndt ist seit 1. Januar 2004 angestellt. Die o.g. Anmerkungen zur Tantieme gelten entsprechend.,
HafenCity Hamburg GmbH,,Giselher Schultz-Berndt,,2006,95000,95000,30000,30000,,125000,,Herr Schultz-Berndt ist seit 1. Januar 2004 angestellt. Die o.g. Anmerkungen zur Tantieme gelten entsprechend.,
HafenCity Hamburg GmbH,,Giselher Schultz-Berndt,,2005,95000,95000,30000,30000,,125000,,Herr Schultz-Berndt ist seit 1. Januar 2004 angestellt. Die o.g. Anmerkungen zur Tantieme gelten entsprechend.,
HafenCity Hamburg GmbH,,Giselher Schultz-Berndt,,2004,95000,95000,30000,30000,,125000,,Herr Schultz-Berndt ist seit 1. Januar 2004 angestellt. Die o.g. Anmerkungen zur Tantieme gelten entsprechend.,
Hamburger Arbeit-Beschäftigungsgesellschaft mbH,,Hans Nauber,Alleingeschäftsführer,2012,Ent.Gr. E15Ü,84874,6000,2500,,87374,,Herr Nauber ist seit 1. August 2008 angestellt. Sein Festgehalt entspricht der Vergütung der Ent.Gr. E15Ü. Ab dem 1. August 2011 erhält Herr Nauber zudem eine Zulage i. H. v. 6 T€ p.a.,
Hamburger Arbeit-Beschäftigungsgesellschaft mbH,,Hans Nauber,Alleingeschäftsführer,2011,Ent.Gr. E15Ü,81000,6000,5400,,86400,,Herr Nauber ist seit 1. August 2008 angestellt. Sein Festgehalt entspricht der Vergütung der Ent.Gr. E15Ü. Ab dem 1. August 2011 erhält Herr Nauber zudem eine Zulage i. H. v. 6 T€ p.a.,
Hamburger Arbeit-Beschäftigungsgesellschaft mbH,,Hans Nauber,Alleingeschäftsführer,2010,Ent.Gr. E15Ü,75000,4800,4800,,79800,,Herr Nauber ist seit 1. August 2008 angestellt. Sein Festgehalt entspricht der Vergütung der Ent.Gr. E15Ü. Ab dem 1. August 2011 erhält Herr Nauber zudem eine Zulage i. H. v. 6 T€ p.a.,
Hamburger Arbeit-Beschäftigungsgesellschaft mbH,,Hans Nauber,Alleingeschäftsführer,2009,Ent.Gr. E15Ü,75000,4800,3300,,78300,,Herr Nauber ist seit 1. August 2008 angestellt. Sein Festgehalt entspricht der Vergütung der Ent.Gr. E15Ü. Ab dem 1. August 2011 erhält Herr Nauber zudem eine Zulage i. H. v. 6 T€ p.a.,
Hamburger Arbeit-Beschäftigungsgesellschaft mbH,,Hans Nauber,Alleingeschäftsführer,2008,Ent.Gr. E15Ü,31250,4800,1500,,32750,,Herr Nauber ist seit 1. August 2008 angestellt. Sein Festgehalt entspricht der Vergütung der Ent.Gr. E15Ü. Ab dem 1. August 2011 erhält Herr Nauber zudem eine Zulage i. H. v. 6 T€ p.a.,
Hamburger Friedhöfe AöR,,Wolfgang Purwin,Alleingeschäftsführer,2012,117000,117000,25000,35250,,152250,,Herr Purwin ist seit 16. November 1998 angestellt. Bis 31.12.2004 wurde die Geschäftsführung stets durch zwei Geschäftsführer wahrgenommen. Nach Übernahme der Verantwortung auch für die zweite Geschäftsführungsposition sind Herrn Purwin dafür zunächst Prämien gewährt worden.,"Die Alleingeschäftsführung wurde wie folgt gesondert honoriert: in 2005 25 T€, in 2006 und 2007 12 T€ p.a. Bis 2005 wurde die Sonderzahlung an den im jeweiligen Jahr erreichten Marktanteil von HF gebunden (2004 z.B. Rückgang des Marktanteils). Ab 2006 erfolgt die Tantiemezahlung auf der Grundlage einerZiel- und Leistungsvereinbarung."
Hamburger Friedhöfe AöR,,Wolfgang Purwin,Alleingeschäftsführer,2011,117000,117000,25000,37000,,154000,,Herr Purwin ist seit 16. November 1998 angestellt. Bis 31.12.2004 wurde die Geschäftsführung stets durch zwei Geschäftsführer wahrgenommen. Nach Übernahme der Verantwortung auch für die zweite Geschäftsführungsposition sind Herrn Purwin dafür zunächst Prämien gewährt worden.,"Die Alleingeschäftsführung wurde wie folgt gesondert honoriert: in 2005 25 T€, in 2006 und 2007 12 T€ p.a. Bis 2005 wurde die Sonderzahlung an den im jeweiligen Jahr erreichten Marktanteil von HF gebunden (2004 z.B. Rückgang des Marktanteils). Ab 2006 erfolgt die Tantiemezahlung auf der Grundlage einerZiel- und Leistungsvereinbarung."
Hamburger Friedhöfe AöR,,Wolfgang Purwin,Alleingeschäftsführer,2010,117000,117000,25000,35125,,152125,,Herr Purwin ist seit 16. November 1998 angestellt. Bis 31.12.2004 wurde die Geschäftsführung stets durch zwei Geschäftsführer wahrgenommen. Nach Übernahme der Verantwortung auch für die zweite Geschäftsführungsposition sind Herrn Purwin dafür zunächst Prämien gewährt worden.,"Die Alleingeschäftsführung wurde wie folgt gesondert honoriert: in 2005 25 T€, in 2006 und 2007 12 T€ p.a. Bis 2005 wurde die Sonderzahlung an den im jeweiligen Jahr erreichten Marktanteil von HF gebunden (2004 z.B. Rückgang des Marktanteils). Ab 2006 erfolgt die Tantiemezahlung auf der Grundlage einerZiel- und Leistungsvereinbarung."
Hamburger Friedhöfe AöR,,Wolfgang Purwin,Alleingeschäftsführer,2009,117000,117000,25000,37000,,154000,,Herr Purwin ist seit 16. November 1998 angestellt. Bis 31.12.2004 wurde die Geschäftsführung stets durch zwei Geschäftsführer wahrgenommen. Nach Übernahme der Verantwortung auch für die zweite Geschäftsführungsposition sind Herrn Purwin dafür zunächst Prämien gewährt worden.,"Die Alleingeschäftsführung wurde wie folgt gesondert honoriert: in 2005 25 T€, in 2006 und 2007 12 T€ p.a. Bis 2005 wurde die Sonderzahlung an den im jeweiligen Jahr erreichten Marktanteil von HF gebunden (2004 z.B. Rückgang des Marktanteils). Ab 2006 erfolgt die Tantiemezahlung auf der Grundlage einerZiel- und Leistungsvereinbarung."
Hamburger Friedhöfe AöR,,Wolfgang Purwin,Alleingeschäftsführer,2008,112000,112000,20000,28000,,140000,,Herr Purwin ist seit 16. November 1998 angestellt. Bis 31.12.2004 wurde die Geschäftsführung stets durch zwei Geschäftsführer wahrgenommen. Nach Übernahme der Verantwortung auch für die zweite Geschäftsführungsposition sind Herrn Purwin dafür zunächst Prämien gewährt worden.,"Die Alleingeschäftsführung wurde wie folgt gesondert honoriert: in 2005 25 T€, in 2006 und 2007 12 T€ p.a. Bis 2005 wurde die Sonderzahlung an den im jeweiligen Jahr erreichten Marktanteil von HF gebunden (2004 z.B. Rückgang des Marktanteils). Ab 2006 erfolgt die Tantiemezahlung auf der Grundlage einerZiel- und Leistungsvereinbarung."
Hamburger Friedhöfe AöR,,Wolfgang Purwin,Alleingeschäftsführer,2007,110000,110000,20000,30000,,140000,,Herr Purwin ist seit 16. November 1998 angestellt. Bis 31.12.2004 wurde die Geschäftsführung stets durch zwei Geschäftsführer wahrgenommen. Nach Übernahme der Verantwortung auch für die zweite Geschäftsführungsposition sind Herrn Purwin dafür zunächst Prämien gewährt worden.,"Die Alleingeschäftsführung wurde wie folgt gesondert honoriert: in 2005 25 T€, in 2006 und 2007 12 T€ p.a. Bis 2005 wurde die Sonderzahlung an den im jeweiligen Jahr erreichten Marktanteil von HF gebunden (2004 z.B. Rückgang des Marktanteils). Ab 2006 erfolgt die Tantiemezahlung auf der Grundlage einerZiel- und Leistungsvereinbarung."
Hamburger Friedhöfe AöR,,Wolfgang Purwin,Alleingeschäftsführer,2006,110000,110000,20000,30000,,140000,,Herr Purwin ist seit 16. November 1998 angestellt. Bis 31.12.2004 wurde die Geschäftsführung stets durch zwei Geschäftsführer wahrgenommen. Nach Übernahme der Verantwortung auch für die zweite Geschäftsführungsposition sind Herrn Purwin dafür zunächst Prämien gewährt worden.,"Die Alleingeschäftsführung wurde wie folgt gesondert honoriert: in 2005 25 T€, in 2006 und 2007 12 T€ p.a. Bis 2005 wurde die Sonderzahlung an den im jeweiligen Jahr erreichten Marktanteil von HF gebunden (2004 z.B. Rückgang des Marktanteils). Ab 2006 erfolgt die Tantiemezahlung auf der Grundlage einerZiel- und Leistungsvereinbarung."
Hamburger Friedhöfe AöR,,Wolfgang Purwin,Alleingeschäftsführer,2005,92033,117033,20000,28784,,145817,,Herr Purwin ist seit 16. November 1998 angestellt. Bis 31.12.2004 wurde die Geschäftsführung stets durch zwei Geschäftsführer wahrgenommen. Nach Übernahme der Verantwortung auch für die zweite Geschäftsführungsposition sind Herrn Purwin dafür zunächst Prämien gewährt worden.,"Die Alleingeschäftsführung wurde wie folgt gesondert honoriert: in 2005 25 T€, in 2006 und 2007 12 T€ p.a. Bis 2005 wurde die Sonderzahlung an den im jeweiligen Jahr erreichten Marktanteil von HF gebunden (2004 z.B. Rückgang des Marktanteils). Ab 2006 erfolgt die Tantiemezahlung auf der Grundlage einerZiel- und Leistungsvereinbarung."
Hamburger Friedhöfe AöR,,Wolfgang Purwin,Alleingeschäftsführer,2004,92033,92033,20000,512,,92545,,Herr Purwin ist seit 16. November 1998 angestellt. Bis 31.12.2004 wurde die Geschäftsführung stets durch zwei Geschäftsführer wahrgenommen. Nach Übernahme der Verantwortung auch für die zweite Geschäftsführungsposition sind Herrn Purwin dafür zunächst Prämien gewährt worden.,"Die Alleingeschäftsführung wurde wie folgt gesondert honoriert: in 2005 25 T€, in 2006 und 2007 12 T€ p.a. Bis 2005 wurde die Sonderzahlung an den im jeweiligen Jahr erreichten Marktanteil von HF gebunden (2004 z.B. Rückgang des Marktanteils). Ab 2006 erfolgt die Tantiemezahlung auf der Grundlage einerZiel- und Leistungsvereinbarung."
Hamburger Friedhöfe AöR,,Wolfgang Purwin,Alleingeschäftsführer,2003,92033,92033,20000,7874,,99907,,Herr Purwin ist seit 16. November 1998 angestellt. Bis 31.12.2004 wurde die Geschäftsführung stets durch zwei Geschäftsführer wahrgenommen. Nach Übernahme der Verantwortung auch für die zweite Geschäftsführungsposition sind Herrn Purwin dafür zunächst Prämien gewährt worden.,"Die Alleingeschäftsführung wurde wie folgt gesondert honoriert: in 2005 25 T€, in 2006 und 2007 12 T€ p.a. Bis 2005 wurde die Sonderzahlung an den im jeweiligen Jahr erreichten Marktanteil von HF gebunden (2004 z.B. Rückgang des Marktanteils). Ab 2006 erfolgt die Tantiemezahlung auf der Grundlage einerZiel- und Leistungsvereinbarung."
Hamburger Friedhöfe AöR,,Wolfgang Purwin,Alleingeschäftsführer,2002,92033,92033,20000,6801,,98834,,Herr Purwin ist seit 16. November 1998 angestellt. Bis 31.12.2004 wurde die Geschäftsführung stets durch zwei Geschäftsführer wahrgenommen. Nach Übernahme der Verantwortung auch für die zweite Geschäftsführungsposition sind Herrn Purwin dafür zunächst Prämien gewährt worden.,"Die Alleingeschäftsführung wurde wie folgt gesondert honoriert: in 2005 25 T€, in 2006 und 2007 12 T€ p.a. Bis 2005 wurde die Sonderzahlung an den im jeweiligen Jahr erreichten Marktanteil von HF gebunden (2004 z.B. Rückgang des Marktanteils). Ab 2006 erfolgt die Tantiemezahlung auf der Grundlage einerZiel- und Leistungsvereinbarung."
Hamburger Friedhöfe AöR,,Wolfgang Purwin,Alleingeschäftsführer,2001,92033,92033,20000,5216,,97249,,Herr Purwin ist seit 16. November 1998 angestellt. Bis 31.12.2004 wurde die Geschäftsführung stets durch zwei Geschäftsführer wahrgenommen. Nach Übernahme der Verantwortung auch für die zweite Geschäftsführungsposition sind Herrn Purwin dafür zunächst Prämien gewährt worden.,"Die Alleingeschäftsführung wurde wie folgt gesondert honoriert: in 2005 25 T€, in 2006 und 2007 12 T€ p.a. Bis 2005 wurde die Sonderzahlung an den im jeweiligen Jahr erreichten Marktanteil von HF gebunden (2004 z.B. Rückgang des Marktanteils). Ab 2006 erfolgt die Tantiemezahlung auf der Grundlage einerZiel- und Leistungsvereinbarung."
Hamburger Friedhöfe AöR,,Wolfgang Purwin,Alleingeschäftsführer,2000,81807,81807,15000,6085,,87892,,Herr Purwin ist seit 16. November 1998 angestellt. Bis 31.12.2004 wurde die Geschäftsführung stets durch zwei Geschäftsführer wahrgenommen. Nach Übernahme der Verantwortung auch für die zweite Geschäftsführungsposition sind Herrn Purwin dafür zunächst Prämien gewährt worden.,"Die Alleingeschäftsführung wurde wie folgt gesondert honoriert: in 2005 25 T€, in 2006 und 2007 12 T€ p.a. Bis 2005 wurde die Sonderzahlung an den im jeweiligen Jahr erreichten Marktanteil von HF gebunden (2004 z.B. Rückgang des Marktanteils). Ab 2006 erfolgt die Tantiemezahlung auf der Grundlage einerZiel- und Leistungsvereinbarung."
Hamburger Hafen und Logistik AG,,Klaus-Dieter Peters,Sprecher des Vorstands,2012,465000,465000,697500,529547,13066,1007613,250423,Herr Peters ist seit 1. März 2003 angestellt.,
Hamburger Hafen und Logistik AG,,Klaus-Dieter Peters,Sprecher des Vorstands,2011,465000,465000,697500,543586,,1.008.586,,Herr Peters ist seit 1. März 2003 angestellt.,
Hamburger Hafen und Logistik AG,,Klaus-Dieter Peters,Sprecher des Vorstands,2010,350000,350000,-,350214,,700214,,Herr Peters ist seit 1. März 2003 angestellt.,
Hamburger Hafen und Logistik AG,,Klaus-Dieter Peters,Sprecher des Vorstands,2009,350000,350000,-,321722,,671722,,Herr Peters ist seit 1. März 2003 angestellt.,
Hamburger Hafen und Logistik AG,,Klaus-Dieter Peters,Sprecher des Vorstands,2008,350000,350000,-,689080,,1.039.080,,Herr Peters ist seit 1. März 2003 angestellt.,Zum 1. Januar 2008 wurde - ebenfalls vor dem Hintergrund des Börsengangs - die Vergütungsstruktur angepasst. U.a. aufgrund neuer gesetzlicher Anforderungen (VorstAG) erfolgte eine weitere Anpassung der Vergütungsstruktur auf Basis eines Gutachtens zum 1.1.2011.
Hamburger Hafen und Logistik AG,,Klaus-Dieter Peters,Sprecher des Vorstands,2007,325000,325000,*,401454,,726454,,Herr Peters ist seit 1. März 2003 angestellt.,* Für das Jahr 2007 (erfolgreicher Teilbörsengang) wurde drei Vorstandsmitgliedern eine Prämie gezahlt (Herrn Peters: 200.000 €; Herrn Dr. Behn: 100.000 €; Herrn Dr. Lappin: 100.000 €). Dadurch wurden jeweils vertragliche Vergütungsobergrenzen überschritten.
Hamburger Hafen und Logistik AG,,Klaus-Dieter Peters,Sprecher des Vorstands,2006,285000,285000,-,319748,,604748,,Herr Peters ist seit 1. März 2003 angestellt.,
Hamburger Hafen und Logistik AG,,Klaus-Dieter Peters,Sprecher des Vorstands,2005,205000,205000,-,271715,,476715,,Herr Peters ist seit 1. März 2003 angestellt.,
Hamburger Hafen und Logistik AG,,Klaus-Dieter Peters,Sprecher des Vorstands,2004,205000,205000,-,-,,205000,,Herr Peters ist seit 1. März 2003 angestellt.,
Hamburger Hafen und Logistik AG,,Klaus-Dieter Peters,Sprecher des Vorstands,2003,205000,205000,-,-,,205000,,Herr Peters ist seit 1. März 2003 angestellt.,
Hamburger Hafen und Logistik AG,Dr.,Stefan Behn,,2012,325000,325000,487500,370315,12484,707799,153644,Herr Dr. Behn ist seit 1. Mai 1996 angestellt.,
Hamburger Hafen und Logistik AG,Dr.,Stefan Behn,,2011,325000,325000,487500,380132,,705132,,Herr Dr. Behn ist seit 1. Mai 1996 angestellt.,
Hamburger Hafen und Logistik AG,Dr.,Stefan Behn,,2010,275000,275000,-,175107,,450107,,Herr Dr. Behn ist seit 1. Mai 1996 angestellt.,
Hamburger Hafen und Logistik AG,Dr.,Stefan Behn,,2009,275000,275000,-,160861,,435861,,Herr Dr. Behn ist seit 1. Mai 1996 angestellt.,
Hamburger Hafen und Logistik AG,Dr.,Stefan Behn,,2008,275000,275000,-,344540,,619540,,Herr Dr. Behn ist seit 1. Mai 1996 angestellt.,Zum 1. Januar 2008 wurde - ebenfalls vor dem Hintergrund des Börsengangs - die Vergütungsstruktur angepasst. U.a. aufgrund neuer gesetzlicher Anforderungen (VorstAG) erfolgte eine weitere Anpassung der Vergütungsstruktur auf Basis eines Gutachtens zum 1.1.2011.
Hamburger Hafen und Logistik AG,Dr.,Stefan Behn,,2007,225000,225000,*,301454,,526454,,Herr Dr. Behn ist seit 1. Mai 1996 angestellt.,* Für das Jahr 2007 (erfolgreicher Teilbörsengang) wurde drei Vorstandsmitgliedern eine Prämie gezahlt (Herrn Peters: 200.000 €; Herrn Dr. Behn: 100.000 €; Herrn Dr. Lappin: 100.000 €). Dadurch wurden jeweils vertragliche Vergütungsobergrenzen überschritten.
Hamburger Hafen und Logistik AG,Dr.,Stefan Behn,,2006,225000,225000,-,301081,,526081,,Herr Dr. Behn ist seit 1. Mai 1996 angestellt.,
Hamburger Hafen und Logistik AG,Dr.,Stefan Behn,,2005,165000,165000,-,215715,,380715,,Herr Dr. Behn ist seit 1. Mai 1996 angestellt.,
Hamburger Hafen und Logistik AG,Dr.,Stefan Behn,,2004,165000,165000,-,-,,165000,,Herr Dr. Behn ist seit 1. Mai 1996 angestellt.,
Hamburger Hafen und Logistik AG,Dr.,Stefan Behn,,2003,165000,165000,-,-,,165000,,Herr Dr. Behn ist seit 1. Mai 1996 angestellt.,
Hamburger Hafen und Logistik AG,Dr.,Stefan Behn,,2002,143162,143162,-,-,,143162,,Herr Dr. Behn ist seit 1. Mai 1996 angestellt.,
Hamburger Hafen und Logistik AG,Dr.,Stefan Behn,,2001,143162,143162,-,-,,143162,,Herr Dr. Behn ist seit 1. Mai 1996 angestellt.,
Hamburger Hafen und Logistik AG,Dr.,Stefan Behn,,2000,143162,143162,-,-,,143162,,Herr Dr. Behn ist seit 1. Mai 1996 angestellt.,
Hamburger Hafen und Logistik AG,Dr.,Roland Lappin,,2012,325000,325000,487500,370315,9142,704457,94455,Herr Dr. Lappln ist seit 1. Mai 2003 angestellt.,
Hamburger Hafen und Logistik AG,Dr.,Roland Lappin,,2011,325000,325000,487500,380132,,705132,,Herr Dr. Lappln ist seit 1. Mai 2003 angestellt.,
Hamburger Hafen und Logistik AG,Dr.,Roland Lappin,,2010,275000,275000,-,175107,,450107,,Herr Dr. Lappln ist seit 1. Mai 2003 angestellt.,
Hamburger Hafen und Logistik AG,Dr.,Roland Lappin,,2009,275000,275000,-,160861,,435861,,Herr Dr. Lappln ist seit 1. Mai 2003 angestellt.,
Hamburger Hafen und Logistik AG,Dr.,Roland Lappin,,2008,275000,275000,-,344540,,619540,,Herr Dr. Lappln ist seit 1. Mai 2003 angestellt.,Zum 1. Januar 2008 wurde - ebenfalls vor dem Hintergrund des Börsengangs - die Vergütungsstruktur angepasst. U.a. aufgrund neuer gesetzlicher Anforderungen (VorstAG) erfolgte eine weitere Anpassung der Vergütungsstruktur auf Basis eines Gutachtens zum 1.1.2011.
Hamburger Hafen und Logistik AG,Dr.,Roland Lappin,,2007,225000,225000,*,301454,,526454,,Herr Dr. Lappln ist seit 1. Mai 2003 angestellt.,* Für das Jahr 2007 (erfolgreicher Teilbörsengang) wurde drei Vorstandsmitgliedern eine Prämie gezahlt (Herrn Peters: 200.000 €; Herrn Dr. Behn: 100.000 €; Herrn Dr. Lappin: 100.000 €). Dadurch wurden jeweils vertragliche Vergütungsobergrenzen überschritten.
Hamburger Hafen und Logistik AG,Dr.,Roland Lappin,,2006,205000,205000,-,301081,,506081,,Herr Dr. Lappln ist seit 1. Mai 2003 angestellt.,
Hamburger Hafen und Logistik AG,Dr.,Roland Lappin,,2005,165000,165000,-,215715,,380715,,Herr Dr. Lappln ist seit 1. Mai 2003 angestellt.,
Hamburger Hafen und Logistik AG,Dr.,Roland Lappin,,2004,165000,165000,-,-,,,,Herr Dr. Lappln ist seit 1. Mai 2003 angestellt.,
Hamburger Hafen und Logistik AG,Dr.,Roland Lappin,,2003,135000,135000,-,-,,,,Herr Dr. Lappln ist seit 1. Mai 2003 angestellt.,
Hamburger Hafen und Logistik AG,,Heinz Brandt,,2012,325000,325000,487500,370315,11710,707025,177120,Herr Brandt ist seit 1. Januar 2009 angestellt.,
Hamburger Hafen und Logistik AG,,Heinz Brandt,,2011,325000,325000,487500,380132,,705132,,Herr Brandt ist seit 1. Januar 2009 angestellt.,
Hamburger Hafen und Logistik AG,,Heinz Brandt,,2010,275000,275000,-,175107,,450107,,Herr Brandt ist seit 1. Januar 2009 angestellt.,
Hamburger Hafen und Logistik AG,,Heinz Brandt,,2009,275000,275000,-,160861,,435861,,Herr Brandt ist seit 1. Januar 2009 angestellt.,
Hamburger Hochbahn AG,,Günter Eiste,Vorsitzender des Vorstands,2012,260000,260000,100000,100000,,360000,,Herr Eiste ist seit 1. Februar 1996 angestellt.,
Hamburger Hochbahn AG,,Günter Eiste,Vorsitzender des Vorstands,2011,240000,240000,120000,120000,,360000,,Herr Eiste ist seit 1. Februar 1996 angestellt.,
Hamburger Hochbahn AG,,Günter Eiste,Vorsitzender des Vorstands,2010,240000,240000,120000,112000,,352000,,Herr Eiste ist seit 1. Februar 1996 angestellt.,
Hamburger Hochbahn AG,,Günter Eiste,Vorsitzender des Vorstands,2009,240000,240000,120000,110000,,350000,,Herr Eiste ist seit 1. Februar 1996 angestellt.,
Hamburger Hochbahn AG,,Günter Eiste,Vorsitzender des Vorstands,2008,225000,225000,75000,75000,,300000,,Herr Eiste ist seit 1. Februar 1996 angestellt.,
Hamburger Hochbahn AG,,Günter Eiste,Vorsitzender des Vorstands,2007,225000,225000,75000,75000,,300000,,Herr Eiste ist seit 1. Februar 1996 angestellt.,
Hamburger Hochbahn AG,,Günter Eiste,Vorsitzender des Vorstands,2006,225000,225000,75000,75000,,300000,,Herr Eiste ist seit 1. Februar 1996 angestellt.,
Hamburger Hochbahn AG,,Günter Eiste,Vorsitzender des Vorstands,2005,199500,199500,51200,51200,,250700,,Herr Eiste ist seit 1. Februar 1996 angestellt.,
Hamburger Hochbahn AG,,Günter Eiste,Vorsitzender des Vorstands,2004,199500,199500,51200,51200,,250700,,Herr Eiste ist seit 1. Februar 1996 angestellt.,
Hamburger Hochbahn AG,,Günter Eiste,Vorsitzender des Vorstands,2003,199500,199500,51200,51200,,250700,,Herr Eiste ist seit 1. Februar 1996 angestellt.,
Hamburger Hochbahn AG,,Günter Eiste,Vorsitzender des Vorstands,2002,199500,199500,51200,51200,,250700,,Herr Eiste ist seit 1. Februar 1996 angestellt.,
Hamburger Hochbahn AG,,Günter Eiste,Vorsitzender des Vorstands,2001,191734,191734,/,/,,191734,,Herr Eiste ist seit 1. Februar 1996 angestellt.,
Hamburger Hochbahn AG,,Günter Eiste,Vorsitzender des Vorstands,2000,191734,191734,/,/,,191734,,Herr Eiste ist seit 1. Februar 1996 angestellt.,
Hamburger Hochbahn AG,,Helmut König,,2012,175000,175000,55000,55000,,230000,,Herr König ist seit 1. Mai 2010 angestellt.,
Hamburger Hochbahn AG,,Helmut König,,2011,175000,175000,55000,55000,,230000,,Herr König ist seit 1. Mai 2010 angestellt.,
Hamburger Hochbahn AG,,Helmut König,,2010,116667,116667,36667,36667,,153334,,Herr König ist seit 1. Mai 2010 angestellt.,
Hamburger Hochbahn AG,,Ulrike Riedel,,2012,175000,175000,55000,55000,,230000,,Frau Riedel ist seit 1. März 2009 angestellt.,
Hamburger Hochbahn AG,,Ulrike Riedel,,2011,175000,175000,55000,55000,,230000,,Frau Riedel ist seit 1. März 2009 angestellt.,
Hamburger Hochbahn AG,,Ulrike Riedel,,2010,162500,162500,52500,52500,,215000,,Frau Riedel ist seit 1. März 2009 angestellt.,
Hamburger Hochbahn AG,,Ulrike Riedel,,2009,125000,125000,41667,41667,,166667,,Frau Riedel ist seit 1. März 2009 angestellt.,
Hamburger Hochbahn AG,,Ulrich Sieg,,2012,217500,217500,80000,80000,,297500,,Herr Sieg ist seit 1. Juli 1999 angestellt.,
Hamburger Hochbahn AG,,Ulrich Sieg,,2011,200000,200000,97500,97500,,297500,,Herr Sieg ist seit 1. Juli 1999 angestellt.,
Hamburger Hochbahn AG,,Ulrich Sieg,,2010,200000,200000,97500,91000,,291000,,Herr Sieg ist seit 1. Juli 1999 angestellt.,
Hamburger Hochbahn AG,,Ulrich Sieg,,2009,200000,200000,97500,89375,,289375,,Herr Sieg ist seit 1. Juli 1999 angestellt.,
Hamburger Hochbahn AG,,Ulrich Sieg,,2008,190000,190000,60000,60000,,250000,,Herr Sieg ist seit 1. Juli 1999 angestellt.,
Hamburger Hochbahn AG,,Ulrich Sieg,,2007,190000,190000,60000,60000,,250000,,Herr Sieg ist seit 1. Juli 1999 angestellt.,
Hamburger Hochbahn AG,,Ulrich Sieg,,2006,190000,190000,60000,60000,,250000,,Herr Sieg ist seit 1. Juli 1999 angestellt.,
Hamburger Hochbahn AG,,Ulrich Sieg,,2005,163700,163700,51200,51200,,214900,,Herr Sieg ist seit 1. Juli 1999 angestellt.,
Hamburger Hochbahn AG,,Ulrich Sieg,,2004,163700,163700,51200,51200,,214900,,Herr Sieg ist seit 1. Juli 1999 angestellt.,
Hamburger Hochbahn AG,,Ulrich Sieg,,2003,163700,163700,51200,51200,,214900,,Herr Sieg ist seit 1. Juli 1999 angestellt.,
Hamburger Hochbahn AG,,Ulrich Sieg,,2002,163700,163700,51200,51200,,214900,,Herr Sieg ist seit 1. Juli 1999 angestellt.,
Hamburger Hochbahn AG,,Ulrich Sieg,,2001,127823,127823,/,/,,127823,,Herr Sieg ist seit 1. Juli 1999 angestellt.,
Hamburger Hochbahn AG,,Ulrich Sieg,,2000,127823,127823,/,/,,127823,,Herr Sieg ist seit 1. Juli 1999 angestellt.,
Hamburgische Wohnungsbaukreditanstalt AöR / Hamburgische Investitions- und Förderbank AöR (seit 1. August 2013),,Ralf Sommer,Vorsitzender des Vorstands,2012,140000,140000,35000,35000,,175000,,Herr Sommer ist seit 1. März 2007 angestellt; seit 01.07.2010 Vorsitzender des Vorstands.,
Hamburgische Wohnungsbaukreditanstalt AöR / Hamburgische Investitions- und Förderbank AöR (seit 1. August 2013),,Ralf Sommer,Vorsitzender des Vorstands,2011,140000,140000,35000,35000,,175000,,Herr Sommer ist seit 1. März 2007 angestellt; seit 01.07.2010 Vorsitzender des Vorstands.,
Hamburgische Wohnungsbaukreditanstalt AöR / Hamburgische Investitions- und Förderbank AöR (seit 1. August 2013),,Ralf Sommer,Vorsitzender des Vorstands,2010,140000,140000,35000,32998,,172998,,Herr Sommer ist seit 1. März 2007 angestellt; seit 01.07.2010 Vorsitzender des Vorstands.,
Hamburgische Wohnungsbaukreditanstalt AöR / Hamburgische Investitions- und Förderbank AöR (seit 1. August 2013),,Ralf Sommer,Vorsitzender des Vorstands,2009,140000,140000,35000,33334,,173334,,Herr Sommer ist seit 1. März 2007 angestellt; seit 01.07.2010 Vorsitzender des Vorstands.,
Hamburgische Wohnungsbaukreditanstalt AöR / Hamburgische Investitions- und Förderbank AöR (seit 1. August 2013),,Ralf Sommer,Vorsitzender des Vorstands,2008,135000,135000,25000,25000,,160000,,Herr Sommer ist seit 1. März 2007 angestellt; seit 01.07.2010 Vorsitzender des Vorstands.,
Hamburgische Wohnungsbaukreditanstalt AöR / Hamburgische Investitions- und Förderbank AöR (seit 1. August 2013),,Ralf Sommer,Vorsitzender des Vorstands,2007,135000,112500,25000,25000,,137500,,Herr Sommer ist seit 1. März 2007 angestellt; seit 01.07.2010 Vorsitzender des Vorstands.,
Hamburgische Wohnungsbaukreditanstalt AöR / Hamburgische Investitions- und Förderbank AöR (seit 1. August 2013),,Wolfgang Overkamp,,2012,135000,101250,35000,26250,,127500,,Herr Overkamp ist seit 1. April 2012 angestellt.,
Hamburg Kreativ GmbH,,Egbert Rühl,Alleingeschäftsführer,2012,80000,80000,20000,Offen,,Offen,,"Herr Rühl ist seit 1. März 2010 angestellt. Die Darstellung der IST-Tantieme sowie die Berechnung des Gesamtvolumens konnten für 2012 noch nicht erfolgen, da die Tantieme für 2012 noch nicht abgerechnet ist.",
Hamburg Kreativ GmbH,,Egbert Rühl,Alleingeschäftsführer,2011,80000,80000,20000,14650,,94650,,"Herr Rühl ist seit 1. März 2010 angestellt. Die Darstellung der IST-Tantieme sowie die Berechnung des Gesamtvolumens konnten für 2012 noch nicht erfolgen, da die Tantieme für 2012 noch nicht abgerechnet ist.",
Hamburg Kreativ GmbH,,Egbert Rühl,Alleingeschäftsführer,2010,80000,66667,20000,11992,,78659,,"Herr Rühl ist seit 1. März 2010 angestellt. Die Darstellung der IST-Tantieme sowie die Berechnung des Gesamtvolumens konnten für 2012 noch nicht erfolgen, da die Tantieme für 2012 noch nicht abgerechnet ist.",
Hamburg Marketing GmbH (Holding),,Dietrich von Albedyll,Vorsitzender der Geschäftsführung (HHT und HMG),2012,160000,160000,50000,50000,,210000,,Herr von Albedyll ist seit 1. Juni 1998 angestellt.,
Hamburg Marketing GmbH (Holding),,Dietrich von Albedyll,Vorsitzender der Geschäftsführung (HHT und HMG),2011,160000,160000,50000,50000,,210000,,Herr von Albedyll ist seit 1. Juni 1998 angestellt.,
Hamburg Marketing GmbH (Holding),,Dietrich von Albedyll,Vorsitzender der Geschäftsführung (HHT und HMG),2010,148333,148333,50000,50000,,198333,,Herr von Albedyll ist seit 1. Juni 1998 angestellt.,
Hamburg Marketing GmbH (Holding),,Dietrich von Albedyll,Vorsitzender der Geschäftsführung (HHT und HMG),2009,140000,140000,42000,39802,,179802,,Herr von Albedyll ist seit 1. Juni 1998 angestellt.,
Hamburg Marketing GmbH (Holding),,Dietrich von Albedyll,Vorsitzender der Geschäftsführung (HHT und HMG),2008,140000,140000,42000,34552,,174552,,Herr von Albedyll ist seit 1. Juni 1998 angestellt.,
Hamburg Marketing GmbH (Holding),,Dietrich von Albedyll,Vorsitzender der Geschäftsführung (HHT und HMG),2007,140000,140000,42000,34319,,174319,,Herr von Albedyll ist seit 1. Juni 1998 angestellt.,
Hamburg Marketing GmbH (Holding),,Dietrich von Albedyll,Vorsitzender der Geschäftsführung (HHT und HMG),2006,125000,125000,37500,37500,,162500,,Herr von Albedyll ist seit 1. Juni 1998 angestellt.,
Hamburg Marketing GmbH (Holding),,Dietrich von Albedyll,Vorsitzender der Geschäftsführung (HHT und HMG),2005,125000,125000,37500,37500,,162500,,Herr von Albedyll ist seit 1. Juni 1998 angestellt.,
Hamburg Marketing GmbH (Holding),,Dietrich von Albedyll,Vorsitzender der Geschäftsführung (HHT und HMG),2004,125000,125000,37500,37500,,162500,,Herr von Albedyll ist seit 1. Juni 1998 angestellt.,
Hamburg Marketing GmbH (Holding),,Dietrich von Albedyll,Vorsitzender der Geschäftsführung (HHT und HMG),2003,125000,125000,37500,37500,,162500,,Herr von Albedyll ist seit 1. Juni 1998 angestellt.,
Hamburg Marketing GmbH (Holding),,Dietrich von Albedyll,Vorsitzender der Geschäftsführung (HHT und HMG),2002,125267,125267,12527,12527,,137794,,Herr von Albedyll ist seit 1. Juni 1998 angestellt.,
Hamburg Marketing GmbH (Holding),,Dietrich von Albedyll,Vorsitzender der Geschäftsführung (HHT und HMG),2001,125267,125267,12527,0,,125267,,Herr von Albedyll ist seit 1. Juni 1998 angestellt.,
Hamburg Marketing GmbH (Holding),,Dietrich von Albedyll,Vorsitzender der Geschäftsführung (HHT und HMG),2000,125267,125267,12527,0,,125267,,Herr von Albedyll ist seit 1. Juni 1998 angestellt.,
Hamburg Marketing GmbH (Holding),,Jutta Ludwig,HWF und HMG,2012,-,-,-,-,,190000,,Frau Ludwig ist seit 1. März 2011 angestellt. Frau Ludwig hat einer Offenlegung nur der Gesamtbezüge zugestimmt.,
Hamburg Marketing GmbH (Holding),,Jutta Ludwig,HWF und HMG,2011,-,-,-,-,,158333,,Frau Ludwig ist seit 1. März 2011 angestellt. Frau Ludwig hat einer Offenlegung nur der Gesamtbezüge zugestimmt.,
Hamburg Marketing GmbH (Holding),,Thorsten Kausch,HMG und HHT,2012,125000,125000,20000,20000,,145000,,Herr Kausch ist seit 15. August 2006 angestellt.,
Hamburg Marketing GmbH (Holding),,Thorsten Kausch,HMG und HHT,2011,125000,125000,20000,10000,,135000,,Herr Kausch ist seit 15. August 2006 angestellt.,
Hamburg Marketing GmbH (Holding),,Thorsten Kausch,HMG und HHT,2010,125000,125000,20000,10600,,135600,,Herr Kausch ist seit 15. August 2006 angestellt.,
Hamburg Marketing GmbH (Holding),,Thorsten Kausch,HMG und HHT,2009,110000,110000,10000,7000,,117000,,Herr Kausch ist seit 15. August 2006 angestellt.,
Hamburg Marketing GmbH (Holding),,Thorsten Kausch,HMG und HHT,2008,110000,110000,10000,14686,,124686,,Herr Kausch ist seit 15. August 2006 angestellt.,
Hamburg Marketing GmbH (Holding),,Thorsten Kausch,HMG und HHT,2007,110000,110000,10000,13333,,123333,,Herr Kausch ist seit 15. August 2006 angestellt.,
Hamburg Marketing GmbH (Holding),,Thorsten Kausch,HMG und HHT,2006,80000,30000,30000,11250,,41250,,Herr Kausch ist seit 15. August 2006 angestellt.,
Hamburg Marketing GmbH (Holding),,Uwe Jens Neumann,HWF,2012,112000,112000,15000,15000,,127000,,Herr Neumann war vom 1. Juli 1999 bis 31. Dezember 2013 angestellt.,
Hamburg Marketing GmbH (Holding),,Uwe Jens Neumann,HWF,2011,112000,112000,15000,17250,,129250,,Herr Neumann war vom 1. Juli 1999 bis 31. Dezember 2013 angestellt.,
Hamburg Marketing GmbH (Holding),,Uwe Jens Neumann,HWF,2010,112000,112000,15000,13500,,125500,,Herr Neumann war vom 1. Juli 1999 bis 31. Dezember 2013 angestellt.,
Hamburg Marketing GmbH (Holding),,Uwe Jens Neumann,HWF,2009,112000,112000,15000,11600,,123600,,Herr Neumann war vom 1. Juli 1999 bis 31. Dezember 2013 angestellt.,
Hamburg Marketing GmbH (Holding),,Uwe Jens Neumann,HWF,2008,112000,112000,15000,15000,,127000,,Herr Neumann war vom 1. Juli 1999 bis 31. Dezember 2013 angestellt.,
Hamburg Marketing GmbH (Holding),,Uwe Jens Neumann,HWF,2007,112000,112000,12000,12000,,124000,,Herr Neumann war vom 1. Juli 1999 bis 31. Dezember 2013 angestellt.,
Hamburg Marketing GmbH (Holding),,Uwe Jens Neumann,HWF,2006,112000,112000,12000,12000,,124000,,Herr Neumann war vom 1. Juli 1999 bis 31. Dezember 2013 angestellt.,
Hamburg Marketing GmbH (Holding),,Uwe Jens Neumann,HWF,2005,112000,112000,12000,8400,,120400,,Herr Neumann war vom 1. Juli 1999 bis 31. Dezember 2013 angestellt.,
Hamburg Marketing GmbH (Holding),,Uwe Jens Neumann,HWF,2004,117597,117597,/,/,,117597,,Herr Neumann war vom 1. Juli 1999 bis 31. Dezember 2013 angestellt.,
Hamburg Marketing GmbH (Holding),,Uwe Jens Neumann,HWF,2003,117597,117597,/,/,,117597,,Herr Neumann war vom 1. Juli 1999 bis 31. Dezember 2013 angestellt.,
Hamburg Marketing GmbH (Holding),,Uwe Jens Neumann,HWF,2002,117597,117597,/,/,,117597,,Herr Neumann war vom 1. Juli 1999 bis 31. Dezember 2013 angestellt.,
Hamburg Marketing GmbH (Holding),,Uwe Jens Neumann,HWF,2001,117597,117597,/,/,,117597,,Herr Neumann war vom 1. Juli 1999 bis 31. Dezember 2013 angestellt.,
Hamburg Marketing GmbH (Holding),,Uwe Jens Neumann,HWF,2000,117597,117597,/,/,,117597,,Herr Neumann war vom 1. Juli 1999 bis 31. Dezember 2013 angestellt.,
Hamburg Messe Congress GmbH,,Bernd Aufderheide,Vorsitzender der Geschäftsführung,2012,185000,185000,80000,64840,,249840,,Herr Aufderheide ist seit 1. Januar 2004 angestellt.,
Hamburg Messe Congress GmbH,,Bernd Aufderheide,Vorsitzender der Geschäftsführung,2011,185000,185000,80000,71280,,256280,,Herr Aufderheide ist seit 1. Januar 2004 angestellt.,
Hamburg Messe Congress GmbH,,Bernd Aufderheide,Vorsitzender der Geschäftsführung,2010,181250,181250,76250,66110,,247360,,Herr Aufderheide ist seit 1. Januar 2004 angestellt.,
Hamburg Messe Congress GmbH,,Bernd Aufderheide,Vorsitzender der Geschäftsführung,2009,170000,170000,65000,58503,,228503,,Herr Aufderheide ist seit 1. Januar 2004 angestellt.,
Hamburg Messe Congress GmbH,,Bernd Aufderheide,Vorsitzender der Geschäftsführung,2008,164500,164500,65000,57660,,222160,,Herr Aufderheide ist seit 1. Januar 2004 angestellt.,
Hamburg Messe Congress GmbH,,Bernd Aufderheide,Vorsitzender der Geschäftsführung,2007,150500,150500,94640,94640,,245140,,Herr Aufderheide ist seit 1. Januar 2004 angestellt.,
Hamburg Messe Congress GmbH,,Bernd Aufderheide,Vorsitzender der Geschäftsführung,2006,158000,158000,15000,15000,,173000,,Herr Aufderheide ist seit 1. Januar 2004 angestellt.,
Hamburg Messe Congress GmbH,,Bernd Aufderheide,Vorsitzender der Geschäftsführung,2005,158000,158000,15000,15000,,173000,,Herr Aufderheide ist seit 1. Januar 2004 angestellt.,
Hamburg Messe Congress GmbH,,Bernd Aufderheide,Vorsitzender der Geschäftsführung,2004,158000,158000,15000,13500,,171500,,Herr Aufderheide ist seit 1. Januar 2004 angestellt.,
Hamburg Messe Congress GmbH,Dr.,Ulla Kopp,,2012,175000,175000,75000,59840,,234840,,Frau Dr. Kopp ist seit 1. August 2007 angestellt.,
Hamburg Messe Congress GmbH,Dr.,Ulla Kopp,,2011,175000,175000,75000,66280,,241280,,Frau Dr. Kopp ist seit 1. August 2007 angestellt.,
Hamburg Messe Congress GmbH,Dr.,Ulla Kopp,,2010,166250,166250,66250,57078,,223328,,Frau Dr. Kopp ist seit 1. August 2007 angestellt.,
Hamburg Messe Congress GmbH,Dr.,Ulla Kopp,,2009,160000,160000,60000,53886,,213886,,Frau Dr. Kopp ist seit 1. August 2007 angestellt.,
Hamburg Messe Congress GmbH,Dr.,Ulla Kopp,,2008,160000,160000,60000,52800,,212800,,Frau Dr. Kopp ist seit 1. August 2007 angestellt.,
Hamburg Messe Congress GmbH,Dr.,Ulla Kopp,,2007,66667,66667,25000,8333,,75000,,Frau Dr. Kopp ist seit 1. August 2007 angestellt.,
HamburgMusik gGmbH,,Christoph Lieben-Seutter,,2012,-,-,-,-,,-,,Herr Lieben-Seutter ist seit 1. August 2007 angestellt. Herr Lieben-Seutter hat einer Offenlegung seiner Vergütung ab dem Jahr 2013 (Theaterwirtschaftsjahr 2013/14) zugestimmt.,
HamburgMusik gGmbH,,Christoph Lieben-Seutter,,2011,-,-,-,-,,-,,Herr Lieben-Seutter ist seit 1. August 2007 angestellt. Herr Lieben-Seutter hat einer Offenlegung seiner Vergütung ab dem Jahr 2013 (Theaterwirtschaftsjahr 2013/14) zugestimmt.,
HamburgMusik gGmbH,,Christoph Lieben-Seutter,,2010,-,-,-,-,,-,,Herr Lieben-Seutter ist seit 1. August 2007 angestellt. Herr Lieben-Seutter hat einer Offenlegung seiner Vergütung ab dem Jahr 2013 (Theaterwirtschaftsjahr 2013/14) zugestimmt.,
HamburgMusik gGmbH,,Christoph Lieben-Seutter,,2009,-,-,-,-,,-,,Herr Lieben-Seutter ist seit 1. August 2007 angestellt. Herr Lieben-Seutter hat einer Offenlegung seiner Vergütung ab dem Jahr 2013 (Theaterwirtschaftsjahr 2013/14) zugestimmt.,
HamburgMusik gGmbH,,Christoph Lieben-Seutter,,2008,-,-,-,-,,-,,Herr Lieben-Seutter ist seit 1. August 2007 angestellt. Herr Lieben-Seutter hat einer Offenlegung seiner Vergütung ab dem Jahr 2013 (Theaterwirtschaftsjahr 2013/14) zugestimmt.,
HamburgMusik gGmbH,,Christoph Lieben-Seutter,,2007,-,-,-,-,,-,,Herr Lieben-Seutter ist seit 1. August 2007 angestellt. Herr Lieben-Seutter hat einer Offenlegung seiner Vergütung ab dem Jahr 2013 (Theaterwirtschaftsjahr 2013/14) zugestimmt.,
HamburgMusik gGmbH,Prof. Dr.,Gereon Röckrath,,2012,-,-,-,-,,-,,Herr Prof. Dr. Röckrath war in der Zeit vom 18. Januar 2007 bis zum 31. Juli 2013 angestellt. Herr Prof. Dr. Röckrath hat einer Offenlegung seiner Bezüge nicht zugestimmt.,
HamburgMusik gGmbH,Prof. Dr.,Gereon Röckrath,,2011,-,-,-,-,,-,,Herr Prof. Dr. Röckrath war in der Zeit vom 18. Januar 2007 bis zum 31. Juli 2013 angestellt. Herr Prof. Dr. Röckrath hat einer Offenlegung seiner Bezüge nicht zugestimmt.,
HamburgMusik gGmbH,Prof. Dr.,Gereon Röckrath,,2010,-,-,-,-,,-,,Herr Prof. Dr. Röckrath war in der Zeit vom 18. Januar 2007 bis zum 31. Juli 2013 angestellt. Herr Prof. Dr. Röckrath hat einer Offenlegung seiner Bezüge nicht zugestimmt.,
HamburgMusik gGmbH,Prof. Dr.,Gereon Röckrath,,2009,-,-,-,-,,-,,Herr Prof. Dr. Röckrath war in der Zeit vom 18. Januar 2007 bis zum 31. Juli 2013 angestellt. Herr Prof. Dr. Röckrath hat einer Offenlegung seiner Bezüge nicht zugestimmt.,
HamburgMusik gGmbH,Prof. Dr.,Gereon Röckrath,,2008,-,-,-,-,,-,,Herr Prof. Dr. Röckrath war in der Zeit vom 18. Januar 2007 bis zum 31. Juli 2013 angestellt. Herr Prof. Dr. Röckrath hat einer Offenlegung seiner Bezüge nicht zugestimmt.,
HamburgMusik gGmbH,Prof. Dr.,Gereon Röckrath,,2007,-,-,-,-,,-,,Herr Prof. Dr. Röckrath war in der Zeit vom 18. Januar 2007 bis zum 31. Juli 2013 angestellt. Herr Prof. Dr. Röckrath hat einer Offenlegung seiner Bezüge nicht zugestimmt.,
HamburgMusik gGmbH,,Jack Kurfess,,2013,145000,,14500,,,,,Herr Kurfess ist seit 1. August 2013 angestellt. Eine variable Vergütung ist zum Fragezeitraum nicht vereinbart.,
Hamburg Port Authority AöR,,Jens Meier,,2012,225000,225000,75000,75000,,300000,,Herr Meier ist seit 1. April 2008 angestellt.,
Hamburg Port Authority AöR,,Jens Meier,,2011,225000,225000,75000,75000,,300000,,Herr Meier ist seit 1. April 2008 angestellt.,
Hamburg Port Authority AöR,,Jens Meier,,2010,225000,225000,75000,75000,,300000,,Herr Meier ist seit 1. April 2008 angestellt.,
Hamburg Port Authority AöR,,Jens Meier,,2009,225000,225000,75000,75000,,300000,,Herr Meier ist seit 1. April 2008 angestellt.,
Hamburg Port Authority AöR,,Jens Meier,,2008,225000,168750,75000,56250,,225000,,Herr Meier ist seit 1. April 2008 angestellt.,
Hamburg Port Authority AöR,,Wolfgang Hurtienne,,2012,Bes.Gr. B 6,98396,45000,45000,,143396,,Herr Hurtienne ist seit 1. August 2009 angestellt. Das Festgehalt entspricht der Vergütung der Bes.Gr. B 4.,
Hamburg Port Authority AöR,,Wolfgang Hurtienne,,2011,Bes.Gr. B 6,94750,45000,45000,,139750,,Herr Hurtienne ist seit 1. August 2009 angestellt. Das Festgehalt entspricht der Vergütung der Bes.Gr. B 4.,
Hamburg Port Authority AöR,,Wolfgang Hurtienne,,2010,Bes.Gr. B 6,99140,45000,45000,,144140,,Herr Hurtienne ist seit 1. August 2009 angestellt. Das Festgehalt entspricht der Vergütung der Bes.Gr. B 4.,
Hamburg Port Authority AöR,,Wolfgang Hurtienne,,2009,Bes.Gr. B 6,43206,45000,16500,,59706,,Herr Hurtienne ist seit 1. August 2009 angestellt. Das Festgehalt entspricht der Vergütung der Bes.Gr. B 4.,
Hamburgische Staatsoper GmbH,,Simone Young,,2012,180000,180000,-,-,,180000,,Frau Simone Young ist seit dem 1. August 2005 angestellt.,
Hamburgische Staatsoper GmbH,,Simone Young,,2011,180000,180000,-,-,,180000,,Frau Simone Young ist seit dem 1. August 2005 angestellt.,
Hamburgische Staatsoper GmbH,,Simone Young,,2010,180000,180000,-,-,,180000,,Frau Simone Young ist seit dem 1. August 2005 angestellt.,
Hamburgische Staatsoper GmbH,,Simone Young,,2009,180000,180000,-,-,,180000,,Frau Simone Young ist seit dem 1. August 2005 angestellt.,
Hamburgische Staatsoper GmbH,,Simone Young,,2008,180000,180000,-,-,,180000,,Frau Simone Young ist seit dem 1. August 2005 angestellt.,
Hamburgische Staatsoper GmbH,,Simone Young,,2007,180000,180000,-,-,,180000,,Frau Simone Young ist seit dem 1. August 2005 angestellt.,
Hamburgische Staatsoper GmbH,,Simone Young,,2006,180000,180000,-,-,,180000,,Frau Simone Young ist seit dem 1. August 2005 angestellt.,
Hamburgische Staatsoper GmbH,,Simone Young,,2005,180000,180000,-,-,,180000,,Frau Simone Young ist seit dem 1. August 2005 angestellt.,
Hamburgische Staatsoper GmbH,Prof.,John Neumeier,,2012,180000,180000,-,-,,180000,,Herr Prof. John Neumeier ist seit dem 1. August 2005 angestellt.,
Hamburgische Staatsoper GmbH,Prof.,John Neumeier,,2011,180000,180000,-,-,,180000,,Herr Prof. John Neumeier ist seit dem 1. August 2005 angestellt.,
Hamburgische Staatsoper GmbH,Prof.,John Neumeier,,2010,180000,180000,-,-,,180000,,Herr Prof. John Neumeier ist seit dem 1. August 2005 angestellt.,
Hamburgische Staatsoper GmbH,Prof.,John Neumeier,,2009,180000,180000,-,-,,180000,,Herr Prof. John Neumeier ist seit dem 1. August 2005 angestellt.,
Hamburgische Staatsoper GmbH,Prof.,John Neumeier,,2008,180000,180000,-,-,,180000,,Herr Prof. John Neumeier ist seit dem 1. August 2005 angestellt.,
Hamburgische Staatsoper GmbH,Prof.,John Neumeier,,2007,180000,180000,-,-,,180000,,Herr Prof. John Neumeier ist seit dem 1. August 2005 angestellt.,
Hamburgische Staatsoper GmbH,Prof.,John Neumeier,,2006,180000,180000,-,-,,180000,,Herr Prof. John Neumeier ist seit dem 1. August 2005 angestellt.,
Hamburgische Staatsoper GmbH,Prof.,John Neumeier,,2005,180000,180000,-,-,,180000,,Herr Prof. John Neumeier ist seit dem 1. August 2005 angestellt.,
Hamburgische Staatsoper GmbH,,Detlef Meierjohann,,2012,177000,177000,-,-,,177000,,Herr Meierjohann ist seit dem 1. August 1997 angestellt.,
Hamburgische Staatsoper GmbH,,Detlef Meierjohann,,2011,175000,175000,-,-,,175000,,Herr Meierjohann ist seit dem 1. August 1997 angestellt.,
Hamburgische Staatsoper GmbH,,Detlef Meierjohann,,2010,175000,175000,-,-,,175000,,Herr Meierjohann ist seit dem 1. August 1997 angestellt.,
Hamburgische Staatsoper GmbH,,Detlef Meierjohann,,2009,175000,175000,-,-,,175000,,Herr Meierjohann ist seit dem 1. August 1997 angestellt.,
Hamburgische Staatsoper GmbH,,Detlef Meierjohann,,2008,163000,163000,-,-,,163000,,Herr Meierjohann ist seit dem 1. August 1997 angestellt.,
Hamburgische Staatsoper GmbH,,Detlef Meierjohann,,2007,163000,163000,-,-,,163000,,Herr Meierjohann ist seit dem 1. August 1997 angestellt.,
Hamburgische Staatsoper GmbH,,Detlef Meierjohann,,2006,163000,163000,-,-,,163000,,Herr Meierjohann ist seit dem 1. August 1997 angestellt.,
Hamburgische Staatsoper GmbH,,Detlef Meierjohann,,2005,163000,163000,-,-,,163000,,Herr Meierjohann ist seit dem 1. August 1997 angestellt.,
Hamburgische Staatsoper GmbH,,Detlef Meierjohann,,2004,125267,125267,-,-,,125267,,Herr Meierjohann ist seit dem 1. August 1997 angestellt.,
Hamburgische Staatsoper GmbH,,Detlef Meierjohann,,2003,125267,125267,-,-,,125267,,Herr Meierjohann ist seit dem 1. August 1997 angestellt.,
Hamburgische Staatsoper GmbH,,Detlef Meierjohann,,2002,125267,125267,-,-,,125267,,Herr Meierjohann ist seit dem 1. August 1997 angestellt.,
Hamburgische Staatsoper GmbH,,Detlef Meierjohann,,2001,125267,125267,-,-,,125267,,Herr Meierjohann ist seit dem 1. August 1997 angestellt.,
Hamburgische Staatsoper GmbH,,Detlef Meierjohann,,2000,125267,125267,-,-,,125267,,Herr Meierjohann ist seit dem 1. August 1997 angestellt.,
Hamburg Wasser (Hamburger Wasserwerke GmbH / Hamburger Stadtentwässerung AöR),Dr.,Michael Beckereit,Vorsitzender der Geschäftsführung,2012,235000,235000,70000,56875,,291875,,Herr Dr. Beckereit ist seit dem 1. Januar 2005 angestellt. Er hat der Offenlegung seiner variablen Vergütung ab 2009 zugestimmt.,
Hamburg Wasser (Hamburger Wasserwerke GmbH / Hamburger Stadtentwässerung AöR),Dr.,Michael Beckereit,Vorsitzender der Geschäftsführung,2011,235000,235000,70000,56245,,291245,,Herr Dr. Beckereit ist seit dem 1. Januar 2005 angestellt. Er hat der Offenlegung seiner variablen Vergütung ab 2009 zugestimmt.,
Hamburg Wasser (Hamburger Wasserwerke GmbH / Hamburger Stadtentwässerung AöR),Dr.,Michael Beckereit,Vorsitzender der Geschäftsführung,2010,235000,235000,70000,54307,,289307,,Herr Dr. Beckereit ist seit dem 1. Januar 2005 angestellt. Er hat der Offenlegung seiner variablen Vergütung ab 2009 zugestimmt.,
Hamburg Wasser (Hamburger Wasserwerke GmbH / Hamburger Stadtentwässerung AöR),Dr.,Michael Beckereit,Vorsitzender der Geschäftsführung,2009,220000,220000,66000,49867,,269867,,Herr Dr. Beckereit ist seit dem 1. Januar 2005 angestellt. Er hat der Offenlegung seiner variablen Vergütung ab 2009 zugestimmt.,
Hamburg Wasser (Hamburger Wasserwerke GmbH / Hamburger Stadtentwässerung AöR),Dr.,Michael Beckereit,Vorsitzender der Geschäftsführung,2008,220000,220000,-,-,,220000,,Herr Dr. Beckereit ist seit dem 1. Januar 2005 angestellt. Er hat der Offenlegung seiner variablen Vergütung ab 2009 zugestimmt.,
Hamburg Wasser (Hamburger Wasserwerke GmbH / Hamburger Stadtentwässerung AöR),Dr.,Michael Beckereit,Vorsitzender der Geschäftsführung,2007,220000,220000,-,-,,220000,,Herr Dr. Beckereit ist seit dem 1. Januar 2005 angestellt. Er hat der Offenlegung seiner variablen Vergütung ab 2009 zugestimmt.,
Hamburg Wasser (Hamburger Wasserwerke GmbH / Hamburger Stadtentwässerung AöR),Dr.,Michael Beckereit,Vorsitzender der Geschäftsführung,2006,200000,200000,-,-,,200000,,Herr Dr. Beckereit ist seit dem 1. Januar 2005 angestellt. Er hat der Offenlegung seiner variablen Vergütung ab 2009 zugestimmt.,
Hamburg Wasser (Hamburger Wasserwerke GmbH / Hamburger Stadtentwässerung AöR),Dr.,Michael Beckereit,Vorsitzender der Geschäftsführung,2005,200000,200000,-,-,,200000,,Herr Dr. Beckereit ist seit dem 1. Januar 2005 angestellt. Er hat der Offenlegung seiner variablen Vergütung ab 2009 zugestimmt.,
Hamburg Wasser (Hamburger Wasserwerke GmbH / Hamburger Stadtentwässerung AöR),,Frau Nathalie Leroy,,2013,200000,,50000,,,,,Frau Leroy ist seit dem 1. Januar 2013 angestellt.,
Hamburger Verkehrsverbund GmbH,,Lutz Aigner,Vorsitzender der Geschäftsführung,2012,151000,151000,24000,23000,,174000,,Herr Aigner ist seit dem 1. April 1996 angestellt.,
Hamburger Verkehrsverbund GmbH,,Lutz Aigner,Vorsitzender der Geschäftsführung,2011,151000,151000,24000,24000,,175000,,Herr Aigner ist seit dem 1. April 1996 angestellt.,
Hamburger Verkehrsverbund GmbH,,Lutz Aigner,Vorsitzender der Geschäftsführung,2010,141000,141000,24000,20000,,161000,,Herr Aigner ist seit dem 1. April 1996 angestellt.,
Hamburger Verkehrsverbund GmbH,,Lutz Aigner,Vorsitzender der Geschäftsführung,2009,133000,133000,12000,12000,,145000,,Herr Aigner ist seit dem 1. April 1996 angestellt.,
Hamburger Verkehrsverbund GmbH,,Lutz Aigner,Vorsitzender der Geschäftsführung,2008,133000,133000,12000,12000,,145000,,Herr Aigner ist seit dem 1. April 1996 angestellt.,
Hamburger Verkehrsverbund GmbH,,Lutz Aigner,Vorsitzender der Geschäftsführung,2007,132861,132861,12000,12000,,144861,,Herr Aigner ist seit dem 1. April 1996 angestellt.,
Hamburger Verkehrsverbund GmbH,,Lutz Aigner,Vorsitzender der Geschäftsführung,2006,127823,127838,/,/,,127838,,Herr Aigner ist seit dem 1. April 1996 angestellt.,
Hamburger Verkehrsverbund GmbH,,Lutz Aigner,Vorsitzender der Geschäftsführung,2005,127823,127820,/,/,,127820,,Herr Aigner ist seit dem 1. April 1996 angestellt.,
Hamburger Verkehrsverbund GmbH,,Lutz Aigner,Vorsitzender der Geschäftsführung,2004,127823,127820,/,/,,127820,,Herr Aigner ist seit dem 1. April 1996 angestellt.,
Hamburger Verkehrsverbund GmbH,,Lutz Aigner,Vorsitzender der Geschäftsführung,2003,127823,127820,/,/,,127820,,Herr Aigner ist seit dem 1. April 1996 angestellt.,
Hamburger Verkehrsverbund GmbH,,Lutz Aigner,Vorsitzender der Geschäftsführung,2002,127823,127820,/,/,,127820,,Herr Aigner ist seit dem 1. April 1996 angestellt.,
Hamburger Verkehrsverbund GmbH,,Lutz Aigner,Vorsitzender der Geschäftsführung,2001,125267,125267,/,/,,125267,,Herr Aigner ist seit dem 1. April 1996 angestellt.,
Hamburger Verkehrsverbund GmbH,,Lutz Aigner,Vorsitzender der Geschäftsführung,2000,117597,117597,/,/,,117597,,Herr Aigner ist seit dem 1. April 1996 angestellt.,
Hamburger Verkehrsverbund GmbH,,Dietrich Hartmann,,2012,Bes.Gr. B4,104055,24000,23000,,127055,,"Herr Hartmann ist seit 1. November 2011 angestellt. Sein Festgehalt entspricht der Vergütung der Bes.Gr. B4, zzgl. Differenzausgleich an die FHH zur Aufrechterhaltung des Versorgungsanspruchs.",
Hamburger Verkehrsverbund GmbH,,Dietrich Hartmann,,2011,Bes.Gr. B4,101631,24000,24000,,125631,,"Herr Hartmann ist seit 1. November 2011 angestellt. Sein Festgehalt entspricht der Vergütung der Bes.Gr. B4, zzgl. Differenzausgleich an die FHH zur Aufrechterhaltung des Versorgungsanspruchs.",
Hamburgischer Versorgungsfonds AöR,,Johannes Hans Nee,Alleingeschäftsführer,2012,85000,85000,/,/,,85000,,Herr Nee ist seit dem 1. September 2007 angestellt.,
Hamburgischer Versorgungsfonds AöR,,Johannes Hans Nee,Alleingeschäftsführer,2011,85000,85000,/,/,,85000,,Herr Nee ist seit dem 1. September 2007 angestellt.,
Hamburgischer Versorgungsfonds AöR,,Johannes Hans Nee,Alleingeschäftsführer,2010,85000,80332,/,/,,80332,,Herr Nee ist seit dem 1. September 2007 angestellt.,
Hamburgischer Versorgungsfonds AöR,,Johannes Hans Nee,Alleingeschäftsführer,2009,78000,78000,/,/,,78000,,Herr Nee ist seit dem 1. September 2007 angestellt.,
Hamburgischer Versorgungsfonds AöR,,Johannes Hans Nee,Alleingeschäftsführer,2008,78000,78000,/,/,,78000,,Herr Nee ist seit dem 1. September 2007 angestellt.,
Hamburgischer Versorgungsfonds AöR,,Johannes Hans Nee,Alleingeschäftsführer,2007,78000,26000,/,/,,26000,,Herr Nee ist seit dem 1. September 2007 angestellt.,
HGV Hamburger Gesellschaft für Vermögens- und Beteiligungsmanagement mbH,Dr.,Rainer Klemmt-Nissen,,2012,Bes.Gr. B8,110060,/,/,,110060,,Herr Dr. Klemmt-Nissen ist seit dem 1. März 2010 angestellt. Das Festgehalt entspricht der Vergütung der Bes.Gr. B 8.,
HGV Hamburger Gesellschaft für Vermögens- und Beteiligungsmanagement mbH,Dr.,Rainer Klemmt-Nissen,,2011,Bes.Gr. B8,107624,/,/,,107624,,Herr Dr. Klemmt-Nissen ist seit dem 1. März 2010 angestellt. Das Festgehalt entspricht der Vergütung der Bes.Gr. B 8.,
HGV Hamburger Gesellschaft für Vermögens- und Beteiligungsmanagement mbH,Dr.,Rainer Klemmt-Nissen,,2010,Bes.Gr. B8,92940,/,/,,92940,,Herr Dr. Klemmt-Nissen ist seit dem 1. März 2010 angestellt. Das Festgehalt entspricht der Vergütung der Bes.Gr. B 8.,
HGV Hamburger Gesellschaft für Vermögens- und Beteiligungsmanagement mbH,,Petra Bödeker-Schoemann,,2012,Bes.Gr. B6,96988,/,/,,96988,,Frau Bödeker-Schoemann ist seit dem 1. September 2011 angestellt. Das Festgehalt entspricht der Vergütung der Bes.Gr. B 6.,
HGV Hamburger Gesellschaft für Vermögens- und Beteiligungsmanagement mbH,,Petra Bödeker-Schoemann,,2011,Bes.Gr. B6,31727,/,/,,31727,,Frau Bödeker-Schoemann ist seit dem 1. September 2011 angestellt. Das Festgehalt entspricht der Vergütung der Bes.Gr. B 6.,
IBA Hamburg GmbH,,Uli Hellweg,,2012,165000,165000,35000,35000,,200000,,Herr Hellweg ist seit dem 1. Oktober 2006 angestellt.,
IBA Hamburg GmbH,,Uli Hellweg,,2011,165000,165000,35000,35000,,200000,,Herr Hellweg ist seit dem 1. Oktober 2006 angestellt.,
IBA Hamburg GmbH,,Uli Hellweg,,2010,165000,165000,35000,30000,,195000,,Herr Hellweg ist seit dem 1. Oktober 2006 angestellt.,
IBA Hamburg GmbH,,Uli Hellweg,,2009,165000,165000,31667,31667,,196667,,Herr Hellweg ist seit dem 1. Oktober 2006 angestellt.,
IBA Hamburg GmbH,,Uli Hellweg,,2008,135000,135000,30000,30000,,165000,,Herr Hellweg ist seit dem 1. Oktober 2006 angestellt.,
IBA Hamburg GmbH,,Uli Hellweg,,2007,135000,135000,30000,30000,,165000,,Herr Hellweg ist seit dem 1. Oktober 2006 angestellt.,
IBA Hamburg GmbH,,Uli Hellweg,,2006,135000,33750,30000,/,,33750,,Herr Hellweg ist seit dem 1. Oktober 2006 angestellt.,
IGS Internationale Gartenschau Hamburg 2013 GmbH,,Heiner Baumgarten,,2012,105000,105000,30000,13495,,118495,,Herr Baumgarten ist seit 1. März 2007 angestellt.,
IGS Internationale Gartenschau Hamburg 2013 GmbH,,Heiner Baumgarten,,2011,105000,105000,30000,17070,,122070,,Herr Baumgarten ist seit 1. März 2007 angestellt.,
IGS Internationale Gartenschau Hamburg 2013 GmbH,,Heiner Baumgarten,,2010,90000,101250,30000,18000,,119250,,Herr Baumgarten ist seit 1. März 2007 angestellt.,
IGS Internationale Gartenschau Hamburg 2013 GmbH,,Heiner Baumgarten,,2009,90000,90000,30000,20000,,110000,,Herr Baumgarten ist seit 1. März 2007 angestellt.,
IGS Internationale Gartenschau Hamburg 2013 GmbH,,Heiner Baumgarten,,2008,90000,90000,30000,20000,,110000,,Herr Baumgarten ist seit 1. März 2007 angestellt.,
IGS Internationale Gartenschau Hamburg 2013 GmbH,,Heiner Baumgarten,,2007,90000,75000,30000,25000,,100000,,Herr Baumgarten ist seit 1. März 2007 angestellt.,
IGS Internationale Gartenschau Hamburg 2013 GmbH,,Reinhard Dethlefs,,2013,80000,,/,/,,,,Herr Dethlefs ist seit 1. August 2013 angestellt.,
IMPF Hamburgische Immobilien Management Gesellschaft mbH,,Hartmut Pohl,Alleingeschäftsführer,2012,99000,99000,s.u.,31408,,130408,,Herr Pohl ist seit dem 1. Januar 2001 angestellt. Seine Tantieme orientiert sich an der Gewinnentwicklung der Gesellschaft. Bis 2008 erhielt Herr Pohl 4 % vom Gewinn. Ab 2009 wurden 5 % vom Gewinn als Tantieme ausgezahlt.,
IMPF Hamburgische Immobilien Management Gesellschaft mbH,,Hartmut Pohl,Alleingeschäftsführer,2011,99000,99000,s.u.,39861,,138861,,Herr Pohl ist seit dem 1. Januar 2001 angestellt. Seine Tantieme orientiert sich an der Gewinnentwicklung der Gesellschaft. Bis 2008 erhielt Herr Pohl 4 % vom Gewinn. Ab 2009 wurden 5 % vom Gewinn als Tantieme ausgezahlt.,
IMPF Hamburgische Immobilien Management Gesellschaft mbH,,Hartmut Pohl,Alleingeschäftsführer,2010,99000,99000,s.u.,38890,,137890,,Herr Pohl ist seit dem 1. Januar 2001 angestellt. Seine Tantieme orientiert sich an der Gewinnentwicklung der Gesellschaft. Bis 2008 erhielt Herr Pohl 4 % vom Gewinn. Ab 2009 wurden 5 % vom Gewinn als Tantieme ausgezahlt.,
IMPF Hamburgische Immobilien Management Gesellschaft mbH,,Hartmut Pohl,Alleingeschäftsführer,2009,99000,99000,s.u.,38644,,137644,,Herr Pohl ist seit dem 1. Januar 2001 angestellt. Seine Tantieme orientiert sich an der Gewinnentwicklung der Gesellschaft. Bis 2008 erhielt Herr Pohl 4 % vom Gewinn. Ab 2009 wurden 5 % vom Gewinn als Tantieme ausgezahlt.,
IMPF Hamburgische Immobilien Management Gesellschaft mbH,,Hartmut Pohl,Alleingeschäftsführer,2008,94000,94000,s.u.,42676,,136676,,Herr Pohl ist seit dem 1. Januar 2001 angestellt. Seine Tantieme orientiert sich an der Gewinnentwicklung der Gesellschaft. Bis 2008 erhielt Herr Pohl 4 % vom Gewinn. Ab 2009 wurden 5 % vom Gewinn als Tantieme ausgezahlt.,
IMPF Hamburgische Immobilien Management Gesellschaft mbH,,Hartmut Pohl,Alleingeschäftsführer,2007,94000,94000,s.u.,27105,,121105,,Herr Pohl ist seit dem 1. Januar 2001 angestellt. Seine Tantieme orientiert sich an der Gewinnentwicklung der Gesellschaft. Bis 2008 erhielt Herr Pohl 4 % vom Gewinn. Ab 2009 wurden 5 % vom Gewinn als Tantieme ausgezahlt.,
IMPF Hamburgische Immobilien Management Gesellschaft mbH,,Hartmut Pohl,Alleingeschäftsführer,2006,94000,94000,s.u.,6597,,100597,,Herr Pohl ist seit dem 1. Januar 2001 angestellt. Seine Tantieme orientiert sich an der Gewinnentwicklung der Gesellschaft. Bis 2008 erhielt Herr Pohl 4 % vom Gewinn. Ab 2009 wurden 5 % vom Gewinn als Tantieme ausgezahlt.,
IMPF Hamburgische Immobilien Management Gesellschaft mbH,,Hartmut Pohl,Alleingeschäftsführer,2005,94000,94000,s.u.,19283,,113283,,Herr Pohl ist seit dem 1. Januar 2001 angestellt. Seine Tantieme orientiert sich an der Gewinnentwicklung der Gesellschaft. Bis 2008 erhielt Herr Pohl 4 % vom Gewinn. Ab 2009 wurden 5 % vom Gewinn als Tantieme ausgezahlt.,
IMPF Hamburgische Immobilien Management Gesellschaft mbH,,Hartmut Pohl,Alleingeschäftsführer,2004,94000,94000,s.u.,4157,,98157,,Herr Pohl ist seit dem 1. Januar 2001 angestellt. Seine Tantieme orientiert sich an der Gewinnentwicklung der Gesellschaft. Bis 2008 erhielt Herr Pohl 4 % vom Gewinn. Ab 2009 wurden 5 % vom Gewinn als Tantieme ausgezahlt.,
IMPF Hamburgische Immobilien Management Gesellschaft mbH,,Hartmut Pohl,Alleingeschäftsführer,2003,91390,91390,s.u.,10480,,101870,,Herr Pohl ist seit dem 1. Januar 2001 angestellt. Seine Tantieme orientiert sich an der Gewinnentwicklung der Gesellschaft. Bis 2008 erhielt Herr Pohl 4 % vom Gewinn. Ab 2009 wurden 5 % vom Gewinn als Tantieme ausgezahlt.,
IMPF Hamburgische Immobilien Management Gesellschaft mbH,,Hartmut Pohl,Alleingeschäftsführer,2002,91390,88462,s.u.,8407,,96869,,Herr Pohl ist seit dem 1. Januar 2001 angestellt. Seine Tantieme orientiert sich an der Gewinnentwicklung der Gesellschaft. Bis 2008 erhielt Herr Pohl 4 % vom Gewinn. Ab 2009 wurden 5 % vom Gewinn als Tantieme ausgezahlt.,
IMPF Hamburgische Immobilien Management Gesellschaft mbH,,Hartmut Pohl,Alleingeschäftsführer,2001,84363,84363,s.u.,12782,,97145,,Herr Pohl ist seit dem 1. Januar 2001 angestellt. Seine Tantieme orientiert sich an der Gewinnentwicklung der Gesellschaft. Bis 2008 erhielt Herr Pohl 4 % vom Gewinn. Ab 2009 wurden 5 % vom Gewinn als Tantieme ausgezahlt.,
Lotto Hamburg GmbH,,Thorsten Meinberg,,2012,Bes.Gr. B 4,65723,10000,7500,,73223,,Herr Meinberg ist seit dem 1. April 2012 angestellt. Das Festgehalt entspricht der Vergütung der Bes.Gr. B4.,
Lotto Hamburg GmbH,,Michael Heinrich,,2012,Bes.Gr. B 4,66005,10000,10000,,76005,,Herr Heinrich ist seit dem 1. April 2012 angestellt. Das Festgehalt entspricht der Vergütung der Bes.Gr. B 4.,
Neue Schauspielhaus GmbH,,Karin Beier,Intendantin,2013,185000,,10000,,,,,"Frau Beier und Herr Raddatz sind jeweils ab dem 1. August 2013 angestellt. Herr Kurfess, der von 2001 bis 2013 bei der Neuen Schauspielhaus GmbH angestellt war, hat einer Veröffentlichung seiner Bezüge nicht zugestimmt.",
Neue Schauspielhaus GmbH,,Peter Raddatz,,2013,140000,,10000,,,,,"Frau Beier und Herr Raddatz sind jeweils ab dem 1. August 2013 angestellt. Herr Kurfess, der von 2001 bis 2013 bei der Neuen Schauspielhaus GmbH angestellt war, hat einer Veröffentlichung seiner Bezüge nicht zugestimmt.",
ReGe Hamburg Projekt-Realisierungsgesellschaft mbH,,Heribert Leutner,,2012,180000,180000,90000,45000,,225000,,Herr Leutner war vom 1. November 2008 bis 30. Juni 2013 angestellt.,
ReGe Hamburg Projekt-Realisierungsgesellschaft mbH,,Heribert Leutner,,2011,180000,180000,90000,42750,,222750,,Herr Leutner war vom 1. November 2008 bis 30. Juni 2013 angestellt.,
ReGe Hamburg Projekt-Realisierungsgesellschaft mbH,,Heribert Leutner,,2010,180000,180000,90000,45450,,225450,,Herr Leutner war vom 1. November 2008 bis 30. Juni 2013 angestellt.,
ReGe Hamburg Projekt-Realisierungsgesellschaft mbH,,Heribert Leutner,,2009,180000,180000,90000,45090,,225090,,Herr Leutner war vom 1. November 2008 bis 30. Juni 2013 angestellt.,
ReGe Hamburg Projekt-Realisierungsgesellschaft mbH,,Heribert Leutner,,2008,180000,30000,90000,/,,30000,,Herr Leutner war vom 1. November 2008 bis 30. Juni 2013 angestellt.,
ReGe Hamburg Projekt-Realisierungsgesellschaft mbH,,Dieter Peters,,2012,150000,150000,75000,37500,,187500,,Herr Peters ist seit 1. Januar 2005 angestellt.,
ReGe Hamburg Projekt-Realisierungsgesellschaft mbH,,Dieter Peters,,2011,150000,150000,75000,36188,,186188,,Herr Peters ist seit 1. Januar 2005 angestellt.,
ReGe Hamburg Projekt-Realisierungsgesellschaft mbH,,Dieter Peters,,2010,150000,150000,75000,37875,,187875,,Herr Peters ist seit 1. Januar 2005 angestellt.,
ReGe Hamburg Projekt-Realisierungsgesellschaft mbH,,Dieter Peters,,2009,150000,150000,75000,37575,,187575,,Herr Peters ist seit 1. Januar 2005 angestellt.,
ReGe Hamburg Projekt-Realisierungsgesellschaft mbH,,Dieter Peters,,2008,132000,132000,70000,35000,,167000,,Herr Peters ist seit 1. Januar 2005 angestellt.,
ReGe Hamburg Projekt-Realisierungsgesellschaft mbH,,Dieter Peters,,2007,132000,132000,70000,35000,,167000,,Herr Peters ist seit 1. Januar 2005 angestellt.,
ReGe Hamburg Projekt-Realisierungsgesellschaft mbH,,Dieter Peters,,2006,132000,132000,20000,20000,,152000,,Herr Peters ist seit 1. Januar 2005 angestellt.,
ReGe Hamburg Projekt-Realisierungsgesellschaft mbH,,Dieter Peters,,2005,120000,120000,20000,20000,,140000,,Herr Peters ist seit 1. Januar 2005 angestellt.,
ReGe Hamburg Projekt-Realisierungsgesellschaft mbH,,Martin Heyne,,2013,165000,,75000,,,,,Herr Heyne ist seit 1. Januar 2013 angestellt.,
SAGA Siedlungs-Aktiengesellschaft Hamburg,,Lutz Basse,Vorsitzender des Vorstands,2012,265000,265000,80000,62854,,327854,,Herr Basse ist seit 9. Juli 1999 angestellt.,
SAGA Siedlungs-Aktiengesellschaft Hamburg,,Lutz Basse,Vorsitzender des Vorstands,2011,265000,265000,80000,59147,,324147,,Herr Basse ist seit 9. Juli 1999 angestellt.,
SAGA Siedlungs-Aktiengesellschaft Hamburg,,Lutz Basse,Vorsitzender des Vorstands,2010,265000,265000,80000,58691,,323691,,Herr Basse ist seit 9. Juli 1999 angestellt.,
SAGA Siedlungs-Aktiengesellschaft Hamburg,,Lutz Basse,Vorsitzender des Vorstands,2009,265000,247500,60000,65286,,312786,,Herr Basse ist seit 9. Juli 1999 angestellt.,
SAGA Siedlungs-Aktiengesellschaft Hamburg,,Lutz Basse,Vorsitzender des Vorstands,2008,230000,230000,60000,59360,,289360,,Herr Basse ist seit 9. Juli 1999 angestellt.,
SAGA Siedlungs-Aktiengesellschaft Hamburg,,Lutz Basse,Vorsitzender des Vorstands,2007,230000,230000,60000,41363,,271363,,Herr Basse ist seit 9. Juli 1999 angestellt.,
SAGA Siedlungs-Aktiengesellschaft Hamburg,,Lutz Basse,Vorsitzender des Vorstands,2006,230000,230000,25000,24766,,254766,,Herr Basse ist seit 9. Juli 1999 angestellt.,
SAGA Siedlungs-Aktiengesellschaft Hamburg,,Lutz Basse,Vorsitzender des Vorstands,2005,230000,230000,25000,24381,,254381,,Herr Basse ist seit 9. Juli 1999 angestellt.,
SAGA Siedlungs-Aktiengesellschaft Hamburg,,Lutz Basse,Vorsitzender des Vorstands,2004,230000,230000,25000,23731,,253731,,Herr Basse ist seit 9. Juli 1999 angestellt.,
SAGA Siedlungs-Aktiengesellschaft Hamburg,,Lutz Basse,Vorsitzender des Vorstands,2003,230000,217258,25000,23837,,241095,,Herr Basse ist seit 9. Juli 1999 angestellt.,
SAGA Siedlungs-Aktiengesellschaft Hamburg,,Lutz Basse,Vorsitzender des Vorstands,2002,204517,204517,/,/,,204517,,Herr Basse ist seit 9. Juli 1999 angestellt.,
SAGA Siedlungs-Aktiengesellschaft Hamburg,,Lutz Basse,Vorsitzender des Vorstands,2001,204517,204517,/,/,,204517,,Herr Basse ist seit 9. Juli 1999 angestellt.,
SAGA Siedlungs-Aktiengesellschaft Hamburg,,Lutz Basse,Vorsitzender des Vorstands,2000,163613,163613,/,/,,163613,,Herr Basse ist seit 9. Juli 1999 angestellt.,
SAGA Siedlungs-Aktiengesellschaft Hamburg,,Willi Hoppenstedt,,2012,230000,230000,55000,42796,,272796,,Herr Hoppenstedt ist seit 1 Februar 1995 angestellt.,
SAGA Siedlungs-Aktiengesellschaft Hamburg,,Willi Hoppenstedt,,2011,230000,230000,55000,37583,,267583,,Herr Hoppenstedt ist seit 1 Februar 1995 angestellt.,
SAGA Siedlungs-Aktiengesellschaft Hamburg,,Willi Hoppenstedt,,2010,230000,230000,55000,39685,,269685,,Herr Hoppenstedt ist seit 1 Februar 1995 angestellt.,
SAGA Siedlungs-Aktiengesellschaft Hamburg,,Willi Hoppenstedt,,2009,230000,215000,55000,38260,,253260,,Herr Hoppenstedt ist seit 1 Februar 1995 angestellt.,
SAGA Siedlungs-Aktiengesellschaft Hamburg,,Willi Hoppenstedt,,2008,200000,200000,30000,29680,,229680,,Herr Hoppenstedt ist seit 1 Februar 1995 angestellt.,
SAGA Siedlungs-Aktiengesellschaft Hamburg,,Willi Hoppenstedt,,2007,200000,200000,30000,19465,,219456,,Herr Hoppenstedt ist seit 1 Februar 1995 angestellt.,
SAGA Siedlungs-Aktiengesellschaft Hamburg,,Willi Hoppenstedt,,2006,200000,200000,10000,9906,,209906,,Herr Hoppenstedt ist seit 1 Februar 1995 angestellt.,
SAGA Siedlungs-Aktiengesellschaft Hamburg,,Willi Hoppenstedt,,2005,200000,200000,10000,9753,,209753,,Herr Hoppenstedt ist seit 1 Februar 1995 angestellt.,
SAGA Siedlungs-Aktiengesellschaft Hamburg,,Willi Hoppenstedt,,2004,200000,200000,10000,9493,,209493,,Herr Hoppenstedt ist seit 1 Februar 1995 angestellt.,
SAGA Siedlungs-Aktiengesellschaft Hamburg,,Willi Hoppenstedt,,2003,200000,190000,10000,9536,,199536,,Herr Hoppenstedt ist seit 1 Februar 1995 angestellt.,
SAGA Siedlungs-Aktiengesellschaft Hamburg,,Willi Hoppenstedt,,2002,180000,171808,/,/,,171808,,Herr Hoppenstedt ist seit 1 Februar 1995 angestellt.,
SAGA Siedlungs-Aktiengesellschaft Hamburg,,Willi Hoppenstedt,,2001,163613,163613,/,/,,163613,,Herr Hoppenstedt ist seit 1 Februar 1995 angestellt.,
SAGA Siedlungs-Aktiengesellschaft Hamburg,,Willi Hoppenstedt,,2000,163613,163613,/,/,,163613,,Herr Hoppenstedt ist seit 1 Februar 1995 angestellt.,
SAGA Siedlungs-Aktiengesellschaft Hamburg,Dr.,Thomas Krebs,,2012,200000,200000,50000,38989,,238989,,Herr Dr. Krebs ist seit 15. Mai 2010 angestellt.,
SAGA Siedlungs-Aktiengesellschaft Hamburg,Dr.,Thomas Krebs,,2011,200000,200000,50000,34890,,234890,,Herr Dr. Krebs ist seit 15. Mai 2010 angestellt.,
SAGA Siedlungs-Aktiengesellschaft Hamburg,Dr.,Thomas Krebs,,2010,200000,188871,50000,33496,,222367,,Herr Dr. Krebs ist seit 15. Mai 2010 angestellt.,
SpriAG Sprinkenhof AG,,Henning Tants,Sprecher des Vorstands,2012,110000,110000,30000,29250,,139250,,Herr Tants ist seit 1. Januar 2005 angestellt.,
SpriAG Sprinkenhof AG,,Henning Tants,Sprecher des Vorstands,2011,110000,110000,30000,27750,,137750,,Herr Tants ist seit 1. Januar 2005 angestellt.,
SpriAG Sprinkenhof AG,,Henning Tants,Sprecher des Vorstands,2010,110000,110000,30000,30000,,140000,,Herr Tants ist seit 1. Januar 2005 angestellt.,
SpriAG Sprinkenhof AG,,Henning Tants,Sprecher des Vorstands,2009,110000,110000,30000,29250,,139250,,Herr Tants ist seit 1. Januar 2005 angestellt.,
SpriAG Sprinkenhof AG,,Henning Tants,Sprecher des Vorstands,2008,100000,100000,25000,25000,,125000,,Herr Tants ist seit 1. Januar 2005 angestellt.,
SpriAG Sprinkenhof AG,,Henning Tants,Sprecher des Vorstands,2007,100000,100000,25000,23500,,123500,,Herr Tants ist seit 1. Januar 2005 angestellt.,
SpriAG Sprinkenhof AG,,Henning Tants,Sprecher des Vorstands,2006,100000,100000,25000,22500,,122500,,Herr Tants ist seit 1. Januar 2005 angestellt.,
SpriAG Sprinkenhof AG,,Henning Tants,Sprecher des Vorstands,2005,100000,100000,25000,23000,,123000,,Herr Tants ist seit 1. Januar 2005 angestellt.,
SpriAG Sprinkenhof AG,,Jan Zunke,,2012,100000,100000,25000,24375,,124375,,Herr Zunke ist seit 1. Juli 2006 angestellt.,
SpriAG Sprinkenhof AG,,Jan Zunke,,2011,100000,100000,25000,23125,,123125,,Herr Zunke ist seit 1. Juli 2006 angestellt.,
SpriAG Sprinkenhof AG,,Jan Zunke,,2010,100000,100000,25000,25000,,125000,,Herr Zunke ist seit 1. Juli 2006 angestellt.,
SpriAG Sprinkenhof AG,,Jan Zunke,,2009,95000,95000,23750,23156,,118156,,Herr Zunke ist seit 1. Juli 2006 angestellt.,
SpriAG Sprinkenhof AG,,Jan Zunke,,2008,90000,90000,22500,22500,,112500,,Herr Zunke ist seit 1. Juli 2006 angestellt.,
SpriAG Sprinkenhof AG,,Jan Zunke,,2007,90000,90000,22500,21150,,111150,,Herr Zunke ist seit 1. Juli 2006 angestellt.,
SpriAG Sprinkenhof AG,,Jan Zunke,,2006,90000,45000,22500,20250,,65250,,Herr Zunke ist seit 1. Juli 2006 angestellt.,
Stadtreinigung Hamburg AöR,Prof. Dr.,Rüdiger Siechau,Vorsitzender der Geschäftsführung,2012,150000,150000,70000,70000,,220000,,"Herr Prof. Dr. Siechau ist seit 1. Januar 1995 angestellt. In den Jahren 2003-2006 war die Höhe seiner variablen Vergütung nicht auf einen maximalen Betrag begrenzt. D.h. entsprechend der Zielüberschreitung stieg seine variable Vergütung ohne Begrenzung an. Aus diesem Grund kann in der Spalte „Variable Vergütung - Maximal gemäß Vertrag"" für 2003-2006 kein Betrag angegeben werden.",
Stadtreinigung Hamburg AöR,Prof. Dr.,Rüdiger Siechau,Vorsitzender der Geschäftsführung,2011,150000,150000,70000,70000,,220000,,"Herr Prof. Dr. Siechau ist seit 1. Januar 1995 angestellt. In den Jahren 2003-2006 war die Höhe seiner variablen Vergütung nicht auf einen maximalen Betrag begrenzt. D.h. entsprechend der Zielüberschreitung stieg seine variable Vergütung ohne Begrenzung an. Aus diesem Grund kann in der Spalte „Variable Vergütung - Maximal gemäß Vertrag"" für 2003-2006 kein Betrag angegeben werden.",
Stadtreinigung Hamburg AöR,Prof. Dr.,Rüdiger Siechau,Vorsitzender der Geschäftsführung,2010,150000,150000,70000,65325,,215325,,"Herr Prof. Dr. Siechau ist seit 1. Januar 1995 angestellt. In den Jahren 2003-2006 war die Höhe seiner variablen Vergütung nicht auf einen maximalen Betrag begrenzt. D.h. entsprechend der Zielüberschreitung stieg seine variable Vergütung ohne Begrenzung an. Aus diesem Grund kann in der Spalte „Variable Vergütung - Maximal gemäß Vertrag"" für 2003-2006 kein Betrag angegeben werden.",
Stadtreinigung Hamburg AöR,Prof. Dr.,Rüdiger Siechau,Vorsitzender der Geschäftsführung,2009,140000,140000,50000,50000,,190000,,"Herr Prof. Dr. Siechau ist seit 1. Januar 1995 angestellt. In den Jahren 2003-2006 war die Höhe seiner variablen Vergütung nicht auf einen maximalen Betrag begrenzt. D.h. entsprechend der Zielüberschreitung stieg seine variable Vergütung ohne Begrenzung an. Aus diesem Grund kann in der Spalte „Variable Vergütung - Maximal gemäß Vertrag"" für 2003-2006 kein Betrag angegeben werden.",
Stadtreinigung Hamburg AöR,Prof. Dr.,Rüdiger Siechau,Vorsitzender der Geschäftsführung,2008,140000,140000,50000,50000,,190000,,"Herr Prof. Dr. Siechau ist seit 1. Januar 1995 angestellt. In den Jahren 2003-2006 war die Höhe seiner variablen Vergütung nicht auf einen maximalen Betrag begrenzt. D.h. entsprechend der Zielüberschreitung stieg seine variable Vergütung ohne Begrenzung an. Aus diesem Grund kann in der Spalte „Variable Vergütung - Maximal gemäß Vertrag"" für 2003-2006 kein Betrag angegeben werden.",
Stadtreinigung Hamburg AöR,Prof. Dr.,Rüdiger Siechau,Vorsitzender der Geschäftsführung,2007,140000,140000,50000,50000,,190000,,"Herr Prof. Dr. Siechau ist seit 1. Januar 1995 angestellt. In den Jahren 2003-2006 war die Höhe seiner variablen Vergütung nicht auf einen maximalen Betrag begrenzt. D.h. entsprechend der Zielüberschreitung stieg seine variable Vergütung ohne Begrenzung an. Aus diesem Grund kann in der Spalte „Variable Vergütung - Maximal gemäß Vertrag"" für 2003-2006 kein Betrag angegeben werden.",
Stadtreinigung Hamburg AöR,Prof. Dr.,Rüdiger Siechau,Vorsitzender der Geschäftsführung,2006,125000,125000,-,92400,,217400,,"Herr Prof. Dr. Siechau ist seit 1. Januar 1995 angestellt. In den Jahren 2003-2006 war die Höhe seiner variablen Vergütung nicht auf einen maximalen Betrag begrenzt. D.h. entsprechend der Zielüberschreitung stieg seine variable Vergütung ohne Begrenzung an. Aus diesem Grund kann in der Spalte „Variable Vergütung - Maximal gemäß Vertrag"" für 2003-2006 kein Betrag angegeben werden.",
Stadtreinigung Hamburg AöR,Prof. Dr.,Rüdiger Siechau,Vorsitzender der Geschäftsführung,2005,125000,125000,-,98000,,223000,,"Herr Prof. Dr. Siechau ist seit 1. Januar 1995 angestellt. In den Jahren 2003-2006 war die Höhe seiner variablen Vergütung nicht auf einen maximalen Betrag begrenzt. D.h. entsprechend der Zielüberschreitung stieg seine variable Vergütung ohne Begrenzung an. Aus diesem Grund kann in der Spalte „Variable Vergütung - Maximal gemäß Vertrag"" für 2003-2006 kein Betrag angegeben werden.",
Stadtreinigung Hamburg AöR,Prof. Dr.,Rüdiger Siechau,Vorsitzender der Geschäftsführung,2004,125000,125000,-,84800,,209800,,"Herr Prof. Dr. Siechau ist seit 1. Januar 1995 angestellt. In den Jahren 2003-2006 war die Höhe seiner variablen Vergütung nicht auf einen maximalen Betrag begrenzt. D.h. entsprechend der Zielüberschreitung stieg seine variable Vergütung ohne Begrenzung an. Aus diesem Grund kann in der Spalte „Variable Vergütung - Maximal gemäß Vertrag"" für 2003-2006 kein Betrag angegeben werden.",
Stadtreinigung Hamburg AöR,Prof. Dr.,Rüdiger Siechau,Vorsitzender der Geschäftsführung,2003,125000,125000,-,59900,,184900,,"Herr Prof. Dr. Siechau ist seit 1. Januar 1995 angestellt. In den Jahren 2003-2006 war die Höhe seiner variablen Vergütung nicht auf einen maximalen Betrag begrenzt. D.h. entsprechend der Zielüberschreitung stieg seine variable Vergütung ohne Begrenzung an. Aus diesem Grund kann in der Spalte „Variable Vergütung - Maximal gemäß Vertrag"" für 2003-2006 kein Betrag angegeben werden.",
Stadtreinigung Hamburg AöR,Prof. Dr.,Rüdiger Siechau,Vorsitzender der Geschäftsführung,2002,117597,117597,25565,14316,,131913,,"Herr Prof. Dr. Siechau ist seit 1. Januar 1995 angestellt. In den Jahren 2003-2006 war die Höhe seiner variablen Vergütung nicht auf einen maximalen Betrag begrenzt. D.h. entsprechend der Zielüberschreitung stieg seine variable Vergütung ohne Begrenzung an. Aus diesem Grund kann in der Spalte „Variable Vergütung - Maximal gemäß Vertrag"" für 2003-2006 kein Betrag angegeben werden.",
Stadtreinigung Hamburg AöR,Prof. Dr.,Rüdiger Siechau,Vorsitzender der Geschäftsführung,2001,117597,117597,25565,25565,,143162,,"Herr Prof. Dr. Siechau ist seit 1. Januar 1995 angestellt. In den Jahren 2003-2006 war die Höhe seiner variablen Vergütung nicht auf einen maximalen Betrag begrenzt. D.h. entsprechend der Zielüberschreitung stieg seine variable Vergütung ohne Begrenzung an. Aus diesem Grund kann in der Spalte „Variable Vergütung - Maximal gemäß Vertrag"" für 2003-2006 kein Betrag angegeben werden.",
Stadtreinigung Hamburg AöR,Prof. Dr.,Rüdiger Siechau,Vorsitzender der Geschäftsführung,2000,117597,117597,25565,25565,,143162,,"Herr Prof. Dr. Siechau ist seit 1. Januar 1995 angestellt. In den Jahren 2003-2006 war die Höhe seiner variablen Vergütung nicht auf einen maximalen Betrag begrenzt. D.h. entsprechend der Zielüberschreitung stieg seine variable Vergütung ohne Begrenzung an. Aus diesem Grund kann in der Spalte „Variable Vergütung - Maximal gemäß Vertrag"" für 2003-2006 kein Betrag angegeben werden.",
Stadtreinigung Hamburg AöR,,Werner Kehren,,2012,132000,132000,50000,50000,,182000,,Herr Kehren ist seit 1. Dezember 2006 angestellt.,
Stadtreinigung Hamburg AöR,,Werner Kehren,,2011,132000,132000,50000,50000,,182000,,Herr Kehren ist seit 1. Dezember 2006 angestellt.,
Stadtreinigung Hamburg AöR,,Werner Kehren,,2010,132000,132000,50000,46661,,178661,,Herr Kehren ist seit 1. Dezember 2006 angestellt.,
Stadtreinigung Hamburg AöR,,Werner Kehren,,2009,120000,120000,30000,30000,,150000,,Herr Kehren ist seit 1. Dezember 2006 angestellt.,
Stadtreinigung Hamburg AöR,,Werner Kehren,,2008,120000,120000,30000,30000,,150000,,Herr Kehren ist seit 1. Dezember 2006 angestellt.,
Stadtreinigung Hamburg AöR,,Werner Kehren,,2007,120000,120000,30000,30000,,150000,,Herr Kehren ist seit 1. Dezember 2006 angestellt.,
Stadtreinigung Hamburg AöR,,Werner Kehren,,2006,120000,10000,30000,/,,10000,,Herr Kehren ist seit 1. Dezember 2006 angestellt.,
Thalia Theater GmbH,,Joachim Lux,,2012,168000,168000,/,/,,168000,,Herr Lux ist seit 1. August 2009 angestellt.,
Thalia Theater GmbH,,Joachim Lux,,2011,168000,168000,/,/,,168000,,Herr Lux ist seit 1. August 2009 angestellt.,
Thalia Theater GmbH,,Joachim Lux,,2010,168000,168000,/,/,,168000,,Herr Lux ist seit 1. August 2009 angestellt.,
Thalia Theater GmbH,,Joachim Lux,,2009,168000,168000,/,/,,168000,,Herr Lux ist seit 1. August 2009 angestellt.,
Thalia Theater GmbH,,Ludwig von Otting,,2012,147000,147000,/,/,,147000,,Herr von Otting ist seit 1. August 1997 angestellt.,
Thalia Theater GmbH,,Ludwig von Otting,,2011,157000,157000,/,/,,157000,,Herr von Otting ist seit 1. August 1997 angestellt.,
Thalia Theater GmbH,,Ludwig von Otting,,2010,157000,157000,/,/,,157000,,Herr von Otting ist seit 1. August 1997 angestellt.,
Thalia Theater GmbH,,Ludwig von Otting,,2009,157000,157000,/,/,,157000,,Herr von Otting ist seit 1. August 1997 angestellt.,
Thalia Theater GmbH,,Ludwig von Otting,,2008,157000,157000,/,/,,157000,,Herr von Otting ist seit 1. August 1997 angestellt.,
Thalia Theater GmbH,,Ludwig von Otting,,2007,157000,157000,/,/,,157000,,Herr von Otting ist seit 1. August 1997 angestellt.,
Thalia Theater GmbH,,Ludwig von Otting,,2006,157000,157000,/,/,,157000,,Herr von Otting ist seit 1. August 1997 angestellt.,
Thalia Theater GmbH,,Ludwig von Otting,,2005,157000,157000,/,/,,157000,,Herr von Otting ist seit 1. August 1997 angestellt.,
Thalia Theater GmbH,,Ludwig von Otting,,2004,132936,132936,/,/,,132936,,Herr von Otting ist seit 1. August 1997 angestellt.,
Thalia Theater GmbH,,Ludwig von Otting,,2003,132936,132936,/,/,,132936,,Herr von Otting ist seit 1. August 1997 angestellt.,
Thalia Theater GmbH,,Ludwig von Otting,,2002,132936,132936,/,/,,132936,,Herr von Otting ist seit 1. August 1997 angestellt.,
Thalia Theater GmbH,,Ludwig von Otting,,2001,132936,132936,/,/,,132936,,Herr von Otting ist seit 1. August 1997 angestellt.,
Thalia Theater GmbH,,Ludwig von Otting,,2000,132936,132936,/,/,,132936,,Herr von Otting ist seit 1. August 1997 angestellt.,
LIKE Universitätsklinikum Hamburg-Eppendorf KöR,Prof. Dr.,Martin Zeitz,,2012,455000,113750,110000,20625,,134375,,Herr Prof. Dr. Zeitz war vom 1. Oktober 2012 bis zu seinem Tod im Jahr 2013 als Ärztlicher Direktor angestellt.,"Herr Dr. Kirstein, der von 2004 - 2013 beim UKE angestellt war, hat einer Veröffentlichung seiner Bezüge nicht zugestimmt."
LIKE Universitätsklinikum Hamburg-Eppendorf KöR,Prof. Dr. Dr.,Uwe Koch-Gromus,,2012,135000,135000,70000,70000,,205000,,Herr Prof. Dr. Dr. Koch-Gromus ist seit 1. April 2007 angestellt.,"Herr Dr. Kirstein, der von 2004 - 2013 beim UKE angestellt war, hat einer Veröffentlichung seiner Bezüge nicht zugestimmt."
LIKE Universitätsklinikum Hamburg-Eppendorf KöR,Prof. Dr. Dr.,Uwe Koch-Gromus,,2011,135000,135000,70000,58695,,193695,,Herr Prof. Dr. Dr. Koch-Gromus ist seit 1. April 2007 angestellt.,"Herr Dr. Kirstein, der von 2004 - 2013 beim UKE angestellt war, hat einer Veröffentlichung seiner Bezüge nicht zugestimmt."
LIKE Universitätsklinikum Hamburg-Eppendorf KöR,Prof. Dr. Dr.,Uwe Koch-Gromus,,2010,135000,131750,70000,50005,,181755,,Herr Prof. Dr. Dr. Koch-Gromus ist seit 1. April 2007 angestellt.,"Herr Dr. Kirstein, der von 2004 - 2013 beim UKE angestellt war, hat einer Veröffentlichung seiner Bezüge nicht zugestimmt."
LIKE Universitätsklinikum Hamburg-Eppendorf KöR,Prof. Dr. Dr.,Uwe Koch-Gromus,,2009,122000,122000,40000,40000,,162000,,Herr Prof. Dr. Dr. Koch-Gromus ist seit 1. April 2007 angestellt.,"Herr Dr. Kirstein, der von 2004 - 2013 beim UKE angestellt war, hat einer Veröffentlichung seiner Bezüge nicht zugestimmt."
LIKE Universitätsklinikum Hamburg-Eppendorf KöR,Prof. Dr. Dr.,Uwe Koch-Gromus,,2008,122000,122000,40000,40000,,162000,,Herr Prof. Dr. Dr. Koch-Gromus ist seit 1. April 2007 angestellt.,"Herr Dr. Kirstein, der von 2004 - 2013 beim UKE angestellt war, hat einer Veröffentlichung seiner Bezüge nicht zugestimmt."
LIKE Universitätsklinikum Hamburg-Eppendorf KöR,Prof. Dr. Dr.,Uwe Koch-Gromus,,2007,122000,91500,40000,30000,,121500,,Herr Prof. Dr. Dr. Koch-Gromus ist seit 1. April 2007 angestellt.,"Herr Dr. Kirstein, der von 2004 - 2013 beim UKE angestellt war, hat einer Veröffentlichung seiner Bezüge nicht zugestimmt."
LIKE Universitätsklinikum Hamburg-Eppendorf KöR,,Joachim Prölß,,2012,135000,135000,25000,24000,,159000,,Herr Prölß ist seit 1. März 2010 angestellt.,"Herr Dr. Kirstein, der von 2004 - 2013 beim UKE angestellt war, hat einer Veröffentlichung seiner Bezüge nicht zugestimmt."
LIKE Universitätsklinikum Hamburg-Eppendorf KöR,,Joachim Prölß,,2011,135000,135000,25000,23150,,158150,,Herr Prölß ist seit 1. März 2010 angestellt.,"Herr Dr. Kirstein, der von 2004 - 2013 beim UKE angestellt war, hat einer Veröffentlichung seiner Bezüge nicht zugestimmt."
LIKE Universitätsklinikum Hamburg-Eppendorf KöR,,Joachim Prölß,,2010,135000,112500,25000,18646,,131146,,Herr Prölß ist seit 1. März 2010 angestellt.,"Herr Dr. Kirstein, der von 2004 - 2013 beim UKE angestellt war, hat einer Veröffentlichung seiner Bezüge nicht zugestimmt."
LIKE Universitätsklinikum Hamburg-Eppendorf KöR,,Rainer Schoppik,,2013,230000,,70000,,,,,Herr Schoppik ist seit 1. September 2013 angestellt.,"Herr Dr. Kirstein, der von 2004 - 2013 beim UKE angestellt war, hat einer Veröffentlichung seiner Bezüge nicht zugestimmt."
Vereinigung Hamburger Kindertagesstätten gGmbH,Dr.,Franziska Larrä-Ramirez,,2012,Bes.Gr. B 3,89205,15000,15000,,104205,,Frau Dr. Larrä-Ramirez ist seit 1. April 2008 angestellt. Das Festgehalt entspricht der Vergütung der Bes.Gr. B 3.,
Vereinigung Hamburger Kindertagesstätten gGmbH,Dr.,Franziska Larrä-Ramirez,,2011,Bes.Gr. B 3,78814,15000,15000,,93814,,Frau Dr. Larrä-Ramirez ist seit 1. April 2008 angestellt. Das Festgehalt entspricht der Vergütung der Bes.Gr. B 3.,
Vereinigung Hamburger Kindertagesstätten gGmbH,Dr.,Franziska Larrä-Ramirez,,2010,Bes.Gr. B 3,78070,15000,13000,,91070,,Frau Dr. Larrä-Ramirez ist seit 1. April 2008 angestellt. Das Festgehalt entspricht der Vergütung der Bes.Gr. B 3.,
Vereinigung Hamburger Kindertagesstätten gGmbH,Dr.,Franziska Larrä-Ramirez,,2009,Bes.Gr. B 3,80390,7500,7500,,87890,,Frau Dr. Larrä-Ramirez ist seit 1. April 2008 angestellt. Das Festgehalt entspricht der Vergütung der Bes.Gr. B 3.,
Vereinigung Hamburger Kindertagesstätten gGmbH,Dr.,Franziska Larrä-Ramirez,,2008,Bes.Gr. B 3,58324,/,/,,58324,,Frau Dr. Larrä-Ramirez ist seit 1. April 2008 angestellt. Das Festgehalt entspricht der Vergütung der Bes.Gr. B 3.,
Vereinigung Hamburger Kindertagesstätten gGmbH,Dr.,Katja Nienaber,,2012,87000,58000,15000,10000,,68000,,Frau Dr. Nienaber ist seit 1. Mai 2012 angestellt.,
Verkehrsbetriebe Hamburg-Holstein AG,Dr.,Thomas Becker,,2012,130000,130000,50000,50000,,180000,,Herr Dr. Becker ist seit 2. Juli 2008 angestellt.,
Verkehrsbetriebe Hamburg-Holstein AG,Dr.,Thomas Becker,,2011,120000,120000,40000,31528,,151528,,Herr Dr. Becker ist seit 2. Juli 2008 angestellt.,
Verkehrsbetriebe Hamburg-Holstein AG,Dr.,Thomas Becker,,2010,120000,120000,40000,34000,,154000,,Herr Dr. Becker ist seit 2. Juli 2008 angestellt.,
Verkehrsbetriebe Hamburg-Holstein AG,Dr.,Thomas Becker,,2009,120000,120000,40000,27400,,147400,,Herr Dr. Becker ist seit 2. Juli 2008 angestellt.,
Verkehrsbetriebe Hamburg-Holstein AG,Dr.,Thomas Becker,,2008,120000,60000,40000,14000,,74000,,Herr Dr. Becker ist seit 2. Juli 2008 angestellt.,
Verkehrsbetriebe Hamburg-Holstein AG,,Toralf Müller,,2013,105000,,30000,,,,,Herr Müller ist seit 1. Juni 2013 angestellt.,
